{
  "x": {
    "x[5,15,0,0]": 1.0,
    "x[6,5,0,0]": 1.0,
    "x[14,21,0,0]": 1.0,
    "x[15,14,0,0]": 1.0,
    "x[19,6,0,0]": 1.0,
    "x[0,19,0,0]": 1.0,
    "x[3,10,1,0]": 1.0,
    "x[10,21,1,0]": 1.0,
    "x[13,3,1,0]": 1.0,
    "x[0,13,1,0]": 1.0
  },
  "y": {
    "y[1,2,0,0]": 1.0,
    "y[2,21,0,0]": 1.0,
    "y[8,9,0,0]": 1.0,
    "y[9,12,0,0]": 1.0,
    "y[12,17,0,0]": 1.0,
    "y[17,1,0,0]": 1.0,
    "y[0,8,0,0]": 1.0,
    "y[4,16,1,0]": 1.0,
    "y[7,4,1,0]": 1.0,
    "y[11,21,1,0]": 1.0,
    "y[16,20,1,0]": 1.0,
    "y[18,7,1,0]": 1.0,
    "y[20,11,1,0]": 1.0,
    "y[0,18,1,0]": 1.0
  },
  "T1": {},
  "T": {
    "T[0,0]": 19.89024820910963,
    "T[1,0]": 20.088036471523598
  },
  "A": {
    "A[0]": 19.952663766669506,
    "A[1]": 19.76026296272772
  },
  "B": {
    "B[0]": 19.89024820910963,
    "B[1]": 20.088036471523598
  },
  "L_w": 120,
  "L_d": 30,
  "staff_velocity": 0.58,
  "drone_velocity": 0.83,
  "num_staff": 2,
  "num_drone": 2,
  "use_ejection": true,
  "use_inter": true,
  "use_intra": true,
  "solver": "CPLEX",
  "solver_log": false,
  "num_worker": -1,
  "time_limit": 36000,
  "model_params": {},
  "Optimal": 20.088036465523597,
  "Solve_Time": 36021.90683913231,
  "num_constraint": 36009,
  "Number of variables": 35609,
  "status": "FEASIBLE"
}