{
  "x": {
    "x[3,4,0,0]": 1.0,
    "x[4,7,0,0]": 1.0,
    "x[0,3,0,0]": 1.0
  },
  "y": {
    "y[1,6,0,0]": 1.0,
    "y[5,1,0,0]": 1.0,
    "y[6,7,0,0]": 1.0,
    "y[0,5,0,0]": 1.0,
    "y[2,7,0,1]": 1.0,
    "y[0,2,0,1]": 1.0
  },
  "T1": {},
  "T": {
    "T[0,0]": 8.685173556184344,
    "T[0,1]": 3.810901967481912
  },
  "A": {
    "A[0]": 12.853201737290304
  },
  "B": {
    "B[0]": 12.496075523666256
  },
  "L_w": 120,
  "L_d": 30,
  "staff_velocity": 0.58,
  "drone_velocity": 0.83,
  "M_t": 1400,
  "M_d": 5,
  "num_staff": 1,
  "num_drone": 1,
  "use_ejection": true,
  "use_inter": true,
  "use_intra": true,
  "solver": "CPLEX",
  "solver_log": false,
  "num_worker": -1,
  "time_limit": 36000,
  "model_params": {},
  "Optimal": 12.853201737290302,
  "Solve_Time": 0.0955057144165039,
  "num_constraint": 681,
  "Number of variables": 523,
  "status": "OPTIMAL"
}