{
  "x": {
    "x[12,20,0,0]": 1.0,
    "x[18,21,0,0]": 1.0,
    "x[20,18,0,0]": 1.0,
    "x[0,12,0,0]": 1.0,
    "x[8,21,0,1]": 1.0,
    "x[0,8,0,1]": 1.0,
    "x[4,9,1,0]": 1.0,
    "x[9,19,1,0]": 1.0,
    "x[14,15,1,0]": 1.0,
    "x[15,21,1,0]": 1.0,
    "x[19,14,1,0]": 1.0,
    "x[0,4,1,0]": 1.0
  },
  "y": {
    "y[1,13,0,0]": 1.0,
    "y[3,10,0,0]": 1.0,
    "y[5,3,0,0]": 1.0,
    "y[10,17,0,0]": 1.0,
    "y[13,5,0,0]": 1.0,
    "y[17,21,0,0]": 1.0,
    "y[0,1,0,0]": 1.0,
    "y[6,21,1,0]": 1.0,
    "y[11,16,1,0]": 1.0,
    "y[16,6,1,0]": 1.0,
    "y[0,11,1,0]": 1.0,
    "y[2,21,1,1]": 1.0,
    "y[7,2,1,1]": 1.0,
    "y[0,7,1,1]": 1.0
  },
  "T1": {},
  "T": {
    "T[0,0]": 11.222249448664183,
    "T[1,0]": 6.286593331340816,
    "T[1,1]": 5.027230703567469,
    "T[1,2]": 4.569878226223609e-10,
    "T[1,3]": 9.829486553642487e-10
  },
  "A": {
    "A[0]": 10.467122910290822,
    "A[1]": 9.830236515804875
  },
  "B": {
    "B[0]": 11.222249448664183,
    "B[1]": 11.313824032094809
  },
  "L_w": 120,
  "L_d": 30,
  "staff_velocity": 0.58,
  "drone_velocity": 0.83,
  "M_t": 1400,
  "M_d": 5,
  "num_staff": 2,
  "num_drone": 2,
  "use_ejection": true,
  "use_inter": true,
  "use_intra": true,
  "solver": "CPLEX",
  "solver_log": false,
  "num_worker": -1,
  "time_limit": 18000,
  "model_params": {},
  "Optimal": 11.313824032094809,
  "Solve_Time": 18098.42712879181,
  "num_constraint": 31405,
  "Number of variables": 30949,
  "status": "FEASIBLE"
}