{
  "x": {
    "x[2,18,0,0]": 1.0,
    "x[18,21,0,0]": 1.0,
    "x[0,2,0,0]": 1.0,
    "x[7,17,1,0]": 1.0,
    "x[14,7,1,0]": 1.0,
    "x[17,20,1,0]": 1.0,
    "x[19,14,1,0]": 1.0,
    "x[20,21,1,0]": 1.0,
    "x[0,19,1,0]": 1.0
  },
  "y": {
    "y[3,8,0,0]": 1.0,
    "y[5,15,0,0]": 1.0,
    "y[8,9,0,0]": 1.0,
    "y[9,5,0,0]": 1.0,
    "y[15,21,0,0]": 1.0,
    "y[0,3,0,0]": 1.0,
    "y[1,4,1,0]": 1.0,
    "y[4,12,1,0]": 1.0,
    "y[6,1,1,0]": 1.0,
    "y[10,16,1,0]": 1.0,
    "y[11,13,1,0]": 1.0,
    "y[12,11,1,0]": 1.0,
    "y[13,10,1,0]": 1.0,
    "y[16,21,1,0]": 1.0,
    "y[0,6,1,0]": 1.0
  },
  "T1": {},
  "T": {
    "T[0,0]": 8.55036526640415,
    "T[1,0]": 8.827716816163607
  },
  "A": {
    "A[0]": 8.278509105370825,
    "A[1]": 8.798290075634752
  },
  "B": {
    "B[0]": 8.55036526640415,
    "B[1]": 8.827716816163607
  },
  "L_w": 120,
  "L_d": 30,
  "staff_velocity": 0.58,
  "drone_velocity": 0.83,
  "M_t": 1400,
  "M_d": 5,
  "num_staff": 2,
  "num_drone": 2,
  "use_ejection": true,
  "use_inter": true,
  "use_intra": true,
  "solver": "CPLEX",
  "solver_log": false,
  "num_worker": -1,
  "time_limit": 18000,
  "model_params": {},
  "Optimal": 8.827716816163607,
  "Solve_Time": 18345.944470643997,
  "num_constraint": 35873,
  "Number of variables": 33161,
  "status": "FEASIBLE"
}