{
  "x": {
    "x[2,5,0,0]": 1.0,
    "x[4,6,0,0]": 1.0,
    "x[5,13,0,0]": 1.0,
    "x[6,8,0,0]": 1.0,
    "x[8,12,0,0]": 1.0,
    "x[12,2,0,0]": 1.0,
    "x[0,4,0,0]": 1.0
  },
  "y": {
    "y[1,10,0,0]": 1.0,
    "y[3,7,0,0]": 1.0,
    "y[7,11,0,0]": 1.0,
    "y[9,1,0,0]": 1.0,
    "y[10,13,0,0]": 1.0,
    "y[11,9,0,0]": 1.0,
    "y[0,3,0,0]": 1.0
  },
  "T1": {},
  "T": {
    "T[0,0]": 29.530966449035702
  },
  "A": {
    "A[0]": 30.275227159823995
  },
  "B": {
    "B[0]": 29.530966449035702
  },
  "L_w": 120,
  "L_d": 30,
  "staff_velocity": 0.58,
  "drone_velocity": 0.83,
  "M_t": 1400,
  "M_d": 5,
  "num_staff": 1,
  "num_drone": 1,
  "use_ejection": true,
  "use_inter": true,
  "use_intra": true,
  "solver": "CPLEX",
  "solver_log": false,
  "num_worker": -1,
  "time_limit": 18000,
  "model_params": {},
  "Optimal": 30.275227159823995,
  "Solve_Time": 283.645357131958,
  "num_constraint": 3841,
  "Number of variables": 3331,
  "status": "OPTIMAL"
}