{
  "x": {
    "x[1,2,0,0]": 1.0,
    "x[2,8,0,0]": 1.0,
    "x[7,21,0,0]": 1.0,
    "x[8,14,0,0]": 1.0,
    "x[14,7,0,0]": 1.0,
    "x[0,1,0,0]": 0.9999999996406962,
    "x[10,15,1,0]": 1.0,
    "x[15,21,1,0]": 1.0,
    "x[16,10,1,0]": 1.0,
    "x[0,16,1,0]": 1.0
  },
  "y": {
    "y[3,17,0,0]": 1.0,
    "y[9,20,0,0]": 1.0,
    "y[12,21,0,0]": 1.0,
    "y[17,18,0,0]": 1.0,
    "y[18,12,0,0]": 1.0,
    "y[20,3,0,0]": 1.0,
    "y[0,9,0,0]": 1.0,
    "y[4,19,1,0]": 1.0,
    "y[5,4,1,0]": 1.0,
    "y[6,21,1,0]": 1.0,
    "y[11,5,1,0]": 1.0,
    "y[19,6,1,0]": 1.0,
    "y[0,11,1,0]": 1.0,
    "y[13,21,1,1]": 1.0,
    "y[0,13,1,1]": 1.0
  },
  "T1": {},
  "T": {
    "T[0,0]": 25.13100407512087,
    "T[1,0]": 21.21942086577461,
    "T[1,1]": 2.178754974912184,
    "T[1,2]": 1.941159312706614e-09
  },
  "A": {
    "A[0]": 22.84375834852888,
    "A[1]": 24.438501017090005
  },
  "B": {
    "B[0]": 25.13100407512087,
    "B[1]": 23.398175842627953
  },
  "L_w": 120,
  "L_d": 30,
  "staff_velocity": 0.58,
  "drone_velocity": 0.83,
  "M_t": 1400,
  "M_d": 5,
  "num_staff": 2,
  "num_drone": 2,
  "use_ejection": true,
  "use_inter": true,
  "use_intra": true,
  "solver": "CPLEX",
  "solver_log": false,
  "num_worker": -1,
  "time_limit": 18000,
  "model_params": {},
  "Optimal": 25.13100407006203,
  "Solve_Time": 18043.82034087181,
  "num_constraint": 28009,
  "Number of variables": 25609,
  "status": "FEASIBLE"
}