{
  "x": {
    "x[1,9,0,0]": 1.0,
    "x[4,11,0,0]": 1.0,
    "x[9,10,0,0]": 1.0,
    "x[10,4,0,0]": 1.0,
    "x[0,1,0,0]": 1.0
  },
  "y": {
    "y[2,11,0,0]": 1.0,
    "y[3,6,0,0]": 1.0,
    "y[5,3,0,0]": 1.0,
    "y[6,2,0,0]": 1.0,
    "y[7,8,0,0]": 1.0,
    "y[8,5,0,0]": 1.0,
    "y[0,7,0,0]": 1.0
  },
  "T1": {},
  "T": {
    "T[0,0]": 14.044965914095226
  },
  "A": {
    "A[0]": 12.844900077508806
  },
  "B": {
    "B[0]": 14.044965914095226
  },
  "L_w": 120,
  "L_d": 30,
  "staff_velocity": 0.58,
  "drone_velocity": 0.83,
  "M_t": 1400,
  "M_d": 5,
  "num_staff": 1,
  "num_drone": 1,
  "use_ejection": true,
  "use_inter": true,
  "use_intra": true,
  "solver": "CPLEX",
  "solver_log": false,
  "num_worker": -1,
  "time_limit": 36000,
  "model_params": {},
  "Optimal": 14.044965914095226,
  "Solve_Time": 0.7065961360931396,
  "num_constraint": 2299,
  "Number of variables": 1935,
  "status": "OPTIMAL"
}