{
  "x": {
    "x[6,10,0,0]": 1.0,
    "x[9,6,0,0]": 1.0,
    "x[10,12,0,0]": 1.0,
    "x[12,13,0,0]": 1.0,
    "x[0,9,0,0]": 1.0
  },
  "y": {
    "y[3,13,0,0]": 1.0,
    "y[4,11,0,0]": 1.0,
    "y[11,3,0,0]": 1.0,
    "y[0,4,0,0]": 1.0,
    "y[1,13,0,1]": 1.0,
    "y[2,7,0,1]": 1.0,
    "y[5,2,0,1]": 1.0,
    "y[7,1,0,1]": 1.0,
    "y[0,5,0,1]": 1.0,
    "y[8,13,0,2]": 1.0,
    "y[0,8,0,2]": 1.0
  },
  "T1": {},
  "T": {
    "T[0,0]": 29.417262808243432,
    "T[0,1]": 29.528196802572914,
    "T[0,2]": 7.157909390279682
  },
  "A": {
    "A[0]": 70.76898165377969
  },
  "B": {
    "B[0]": 66.10336900109603
  },
  "L_w": 120,
  "L_d": 30,
  "staff_velocity": 0.58,
  "drone_velocity": 0.83,
  "M_t": 1400,
  "M_d": 5,
  "num_staff": 1,
  "num_drone": 1,
  "use_ejection": true,
  "use_inter": true,
  "use_intra": true,
  "solver": "CPLEX",
  "solver_log": false,
  "num_worker": -1,
  "time_limit": 18000,
  "model_params": {},
  "Optimal": 70.76898165377969,
  "Solve_Time": 27.16109347343445,
  "num_constraint": 4245,
  "Number of variables": 3709,
  "status": "OPTIMAL"
}