{
  "x": {
    "x[1,9,0,0]": 1.0,
    "x[3,10,0,0]": 1.0,
    "x[5,1,0,0]": 1.0,
    "x[9,13,0,0]": 1.0,
    "x[10,5,0,0]": 1.0,
    "x[0,3,0,0]": 1.0
  },
  "y": {
    "y[2,6,0,0]": 1.0,
    "y[4,11,0,0]": 1.0,
    "y[6,8,0,0]": 1.0,
    "y[7,2,0,0]": 1.0,
    "y[8,13,0,0]": 1.0,
    "y[11,12,0,0]": 1.0,
    "y[12,7,0,0]": 1.0,
    "y[0,4,0,0]": 1.0
  },
  "T1": {},
  "T": {
    "T[0,0]": 15.110910048882184
  },
  "A": {
    "A[0]": 15.521489263002684
  },
  "B": {
    "B[0]": 15.110910048882184
  },
  "L_w": 120,
  "L_d": 30,
  "staff_velocity": 0.58,
  "drone_velocity": 0.83,
  "M_t": 1400,
  "M_d": 5,
  "num_staff": 1,
  "num_drone": 1,
  "use_ejection": true,
  "use_inter": true,
  "use_intra": true,
  "solver": "CPLEX",
  "solver_log": false,
  "num_worker": -1,
  "time_limit": 18000,
  "model_params": {},
  "Optimal": 15.521489263002684,
  "Solve_Time": 16.352185487747192,
  "num_constraint": 3841,
  "Number of variables": 3331,
  "status": "OPTIMAL"
}