{
  "x": {
    "x[1,5,0,0]": 1.0,
    "x[4,10,0,0]": 1.0,
    "x[5,4,0,0]": 1.0,
    "x[6,11,0,0]": 1.0,
    "x[9,6,0,0]": 1.0,
    "x[10,9,0,0]": 1.0,
    "x[0,1,0,0]": 1.0
  },
  "y": {
    "y[2,11,0,0]": 1.0,
    "y[3,8,0,0]": 1.0,
    "y[7,3,0,0]": 1.0,
    "y[8,2,0,0]": 1.0,
    "y[0,7,0,0]": 1.0
  },
  "T1": {},
  "T": {
    "T[0,0]": 26.223272089642055
  },
  "A": {
    "A[0]": 29.098851559127773
  },
  "B": {
    "B[0]": 26.223272089642055
  },
  "L_w": 120,
  "L_d": 30,
  "staff_velocity": 0.58,
  "drone_velocity": 0.83,
  "M_t": 1400,
  "M_d": 5,
  "num_staff": 1,
  "num_drone": 1,
  "use_ejection": true,
  "use_inter": true,
  "use_intra": true,
  "solver": "CPLEX",
  "solver_log": false,
  "num_worker": -1,
  "time_limit": 36000,
  "model_params": {},
  "Optimal": 29.098851559127773,
  "Solve_Time": 0.7760951519012451,
  "num_constraint": 2299,
  "Number of variables": 1935,
  "status": "OPTIMAL"
}