{
  "x": {
    "x[6,13,0,0]": 1.0,
    "x[0,6,0,0]": 1.0,
    "x[2,10,1,0]": 1.0,
    "x[9,2,1,0]": 1.0,
    "x[10,13,1,0]": 1.0,
    "x[12,9,1,0]": 1.0,
    "x[0,12,1,0]": 1.0
  },
  "y": {
    "y[1,13,0,0]": 1.0,
    "y[7,11,0,0]": 1.0,
    "y[8,7,0,0]": 1.0,
    "y[11,1,0,0]": 1.0,
    "y[0,8,0,0]": 1.0,
    "y[3,13,1,0]": 1.0,
    "y[4,3,1,0]": 1.0,
    "y[5,4,1,0]": 1.0,
    "y[0,5,1,0]": 1.0
  },
  "T1": {},
  "T": {
    "T[0,0]": 16.317037821170057,
    "T[1,0]": 16.721784409667624
  },
  "A": {
    "A[0]": 19.338704749714786,
    "A[1]": 19.28327768170438
  },
  "B": {
    "B[0]": 16.317037821170057,
    "B[1]": 16.721784409667624
  },
  "L_w": 120,
  "L_d": 30,
  "staff_velocity": 0.58,
  "drone_velocity": 0.83,
  "num_staff": 2,
  "num_drone": 2,
  "use_ejection": true,
  "use_inter": true,
  "use_intra": true,
  "solver": "CPLEX",
  "solver_log": false,
  "num_worker": -1,
  "time_limit": 36000,
  "model_params": {},
  "Optimal": 19.338704749714786,
  "Solve_Time": 1030.8158111572266,
  "num_constraint": 8553,
  "Number of variables": 8313,
  "status": "OPTIMAL"
}