{
  "x": {
    "x[3,10,0,0]": 1.0,
    "x[9,3,0,0]": 1.0,
    "x[10,11,0,0]": 1.0,
    "x[0,9,0,0]": 1.0
  },
  "y": {
    "y[1,7,0,0]": 1.0,
    "y[2,11,0,0]": 1.0,
    "y[4,2,0,0]": 1.0,
    "y[5,4,0,0]": 1.0,
    "y[6,8,0,0]": 1.0,
    "y[7,5,0,0]": 1.0,
    "y[8,1,0,0]": 1.0,
    "y[0,6,0,0]": 1.0
  },
  "T1": {},
  "T": {
    "T[0,0]": 22.75075772337584
  },
  "A": {
    "A[0]": 23.785477331030158
  },
  "B": {
    "B[0]": 22.75075772337584
  },
  "L_w": 120,
  "L_d": 30,
  "staff_velocity": 0.58,
  "drone_velocity": 0.83,
  "num_staff": 1,
  "num_drone": 1,
  "use_ejection": true,
  "use_inter": true,
  "use_intra": true,
  "solver": "CPLEX",
  "solver_log": false,
  "num_worker": -1,
  "time_limit": 36000,
  "model_params": {},
  "Optimal": 23.785477331030158,
  "Solve_Time": 1.41032075881958,
  "num_constraint": 2615,
  "Number of variables": 2505,
  "status": "OPTIMAL"
}