{
  "x": {
    "x[4,21,0,0]": 1.0,
    "x[7,4,0,0]": 1.0,
    "x[9,19,0,0]": 1.0,
    "x[19,7,0,0]": 1.0,
    "x[0,9,0,0]": 1.0,
    "x[1,11,1,0]": 1.0,
    "x[11,15,1,0]": 1.0,
    "x[13,1,1,0]": 1.0,
    "x[15,21,1,0]": 1.0,
    "x[0,13,1,0]": 1.0
  },
  "y": {
    "y[8,21,0,0]": 1.0,
    "y[20,8,0,0]": 1.0,
    "y[0,20,0,0]": 1.0,
    "y[3,21,0,1]": 1.0,
    "y[6,3,0,1]": 1.0,
    "y[12,6,0,1]": 1.0,
    "y[0,12,0,1]": 1.0,
    "y[2,16,1,0]": 1.0,
    "y[5,10,1,0]": 1.0,
    "y[10,17,1,0]": 1.0,
    "y[14,5,1,0]": 1.0,
    "y[16,21,1,0]": 1.0,
    "y[17,2,1,0]": 1.0,
    "y[18,14,1,0]": 1.0,
    "y[0,18,1,0]": 1.0
  },
  "T1": {},
  "T": {
    "T[0,0]": 10.763385148215926,
    "T[0,1]": 12.98089033972433,
    "T[1,0]": 23.66791131178167
  },
  "A": {
    "A[0]": 22.6409504087938,
    "A[1]": 23.41982239933211
  },
  "B": {
    "B[0]": 23.744275487940257,
    "B[1]": 23.667911311781673
  },
  "L_w": 120,
  "L_d": 30,
  "staff_velocity": 0.58,
  "drone_velocity": 0.83,
  "M_t": 1400,
  "M_d": 5,
  "num_staff": 2,
  "num_drone": 2,
  "use_ejection": true,
  "use_inter": true,
  "use_intra": true,
  "solver": "CPLEX",
  "solver_log": false,
  "num_worker": -1,
  "time_limit": 18000,
  "model_params": {},
  "Optimal": 23.744275487940257,
  "Solve_Time": 18038.027355909348,
  "num_constraint": 33629,
  "Number of variables": 33161,
  "status": "FEASIBLE"
}