{
  "x": {
    "x[1,9,0,0]": 1.0,
    "x[2,10,0,0]": 1.0,
    "x[3,1,0,0]": 1.0,
    "x[8,3,0,0]": 1.0,
    "x[9,2,0,0]": 1.0,
    "x[10,11,0,0]": 1.0,
    "x[0,8,0,0]": 1.0
  },
  "y": {
    "y[7,11,0,0]": 1.0,
    "y[0,7,0,0]": 1.0,
    "y[5,11,0,1]": 1.0,
    "y[6,5,0,1]": 1.0,
    "y[0,6,0,1]": 1.0,
    "y[4,11,0,2]": 1.0,
    "y[0,4,0,2]": 1.0
  },
  "T1": {},
  "T": {
    "T[0,0]": 17.18419086960333,
    "T[0,1]": 28.91084044617198,
    "T[0,2]": 23.27242383697384
  },
  "A": {
    "A[0]": 70.60121516256115
  },
  "B": {
    "B[0]": 69.36745515274916
  },
  "L_w": 120,
  "L_d": 30,
  "staff_velocity": 0.58,
  "drone_velocity": 0.83,
  "num_staff": 1,
  "num_drone": 1,
  "use_ejection": true,
  "use_inter": true,
  "use_intra": true,
  "solver": "CPLEX",
  "solver_log": false,
  "num_worker": -1,
  "time_limit": 36000,
  "model_params": {},
  "Optimal": 70.60121516256115,
  "Solve_Time": 5.034729480743408,
  "num_constraint": 2615,
  "Number of variables": 2505,
  "status": "OPTIMAL"
}