{
  "x": {
    "x[10,13,0,0]": 1.0,
    "x[12,10,0,0]": 1.0,
    "x[0,12,0,0]": 0.9999999997476579,
    "x[6,9,1,0]": 1.0,
    "x[9,13,1,0]": 1.0,
    "x[0,6,1,0]": 1.0
  },
  "y": {
    "y[8,13,0,0]": 1.0,
    "y[0,8,0,0]": 1.0,
    "y[4,11,0,1]": 1.0,
    "y[11,13,0,1]": 1.0,
    "y[0,4,0,1]": 1.0,
    "y[3,13,0,2]": 1.0,
    "y[0,3,0,2]": 1.0,
    "y[1,7,1,0]": 1.0,
    "y[2,13,1,0]": 1.0,
    "y[5,1,1,0]": 1.0,
    "y[7,2,1,0]": 1.0,
    "y[0,5,1,0]": 1.0
  },
  "T1": {},
  "T": {
    "T[0,0]": 7.157909388167654,
    "T[0,1]": 26.53368132524425,
    "T[0,2]": 10.017859019965227,
    "T[0,6]": 3.755148400569693e-09,
    "T[1,0]": 29.919287691295317
  },
  "A": {
    "A[0]": 45.03069526316391,
    "A[1]": 42.65942796087582
  },
  "B": {
    "B[0]": 43.70944973713228,
    "B[1]": 29.919287691295317
  },
  "L_w": 120,
  "L_d": 30,
  "staff_velocity": 0.58,
  "drone_velocity": 0.83,
  "num_staff": 2,
  "num_drone": 2,
  "use_ejection": true,
  "use_inter": true,
  "use_intra": true,
  "solver": "CPLEX",
  "solver_log": false,
  "num_worker": -1,
  "time_limit": 36000,
  "model_params": {},
  "Optimal": 45.03069526316391,
  "Solve_Time": 11555.609352588654,
  "num_constraint": 8553,
  "Number of variables": 8313,
  "status": "OPTIMAL"
}