{
  "x": {
    "x[2,3,0,0]": 1.0,
    "x[3,7,0,0]": 1.0,
    "x[0,2,0,0]": 1.0
  },
  "y": {
    "y[1,6,0,0]": 1.0,
    "y[4,5,0,0]": 1.0,
    "y[5,1,0,0]": 1.0,
    "y[6,7,0,0]": 1.0,
    "y[0,4,0,0]": 1.0
  },
  "T1": {},
  "T": {
    "T[0,0]": 17.26983787574859
  },
  "A": {
    "A[0]": 17.75020496508027
  },
  "B": {
    "B[0]": 17.26983787574859
  },
  "L_w": 120,
  "L_d": 30,
  "staff_velocity": 0.58,
  "drone_velocity": 0.83,
  "M_t": 1400,
  "M_d": 5,
  "num_staff": 1,
  "num_drone": 1,
  "use_ejection": true,
  "use_inter": true,
  "use_intra": true,
  "solver": "CPLEX",
  "solver_log": false,
  "num_worker": -1,
  "time_limit": 36000,
  "model_params": {},
  "Optimal": 17.75020496508027,
  "Solve_Time": 0.08150410652160645,
  "num_constraint": 681,
  "Number of variables": 523,
  "status": "OPTIMAL"
}