{
  "x": {
    "x[2,11,0,0]": 1.0,
    "x[4,19,0,0]": 1.0,
    "x[11,4,0,0]": 1.0,
    "x[19,21,0,0]": 1.0,
    "x[0,2,0,0]": 1.0,
    "x[18,21,1,0]": 1.0,
    "x[20,18,1,0]": 1.0,
    "x[0,20,1,0]": 1.0
  },
  "y": {
    "y[8,14,0,0]": 1.0,
    "y[12,15,0,0]": 1.0,
    "y[13,8,0,0]": 1.0,
    "y[14,21,0,0]": 1.0,
    "y[15,13,0,0]": 1.0,
    "y[0,12,0,0]": 1.0,
    "y[3,21,0,1]": 1.0,
    "y[0,3,0,1]": 1.0,
    "y[5,21,0,2]": 1.0,
    "y[0,5,0,2]": 1.0,
    "y[6,16,1,0]": 1.0,
    "y[7,9,1,0]": 1.0,
    "y[9,21,1,0]": 1.0,
    "y[16,7,1,0]": 1.0,
    "y[0,6,1,0]": 1.0,
    "y[1,21,1,1]": 1.0,
    "y[10,1,1,1]": 1.0,
    "y[17,10,1,1]": 1.0,
    "y[0,17,1,1]": 1.0
  },
  "T1": {},
  "T": {
    "T[0,0]": 27.984045654903966,
    "T[0,1]": 23.30953477596742,
    "T[0,2]": 16.326607163348363,
    "T[1,0]": 28.98521091039128,
    "T[1,1]": 27.59911330784609
  },
  "A": {
    "A[0]": 67.77357919188064,
    "A[1]": 44.805176544011815
  },
  "B": {
    "B[0]": 67.62018759421974,
    "B[1]": 56.58432421823737
  },
  "L_w": 120,
  "L_d": 30,
  "staff_velocity": 0.58,
  "drone_velocity": 0.83,
  "M_t": 1400,
  "M_d": 5,
  "num_staff": 2,
  "num_drone": 2,
  "use_ejection": true,
  "use_inter": true,
  "use_intra": true,
  "solver": "CPLEX",
  "solver_log": false,
  "num_worker": -1,
  "time_limit": 18000,
  "model_params": {},
  "Optimal": 67.77357919188064,
  "Solve_Time": 18338.351431131363,
  "num_constraint": 35873,
  "Number of variables": 33161,
  "status": "FEASIBLE"
}