{
  "x": {
    "x[1,9,0,0]": 1.0,
    "x[9,12,0,0]": 1.0,
    "x[10,1,0,0]": 1.0,
    "x[11,18,0,0]": 1.0,
    "x[12,21,0,0]": 1.0,
    "x[18,10,0,0]": 1.0,
    "x[0,11,0,0]": 1.0,
    "x[6,13,1,0]": 1.0,
    "x[13,20,1,0]": 1.0,
    "x[17,6,1,0]": 1.0,
    "x[20,21,1,0]": 1.0,
    "x[0,17,1,0]": 1.0
  },
  "y": {
    "y[3,5,0,0]": 1.0,
    "y[5,7,0,0]": 1.0,
    "y[7,21,0,0]": 1.0,
    "y[15,19,0,0]": 1.0,
    "y[16,15,0,0]": 1.0,
    "y[19,3,0,0]": 1.0,
    "y[0,16,0,0]": 1.0,
    "y[2,4,1,0]": 0.9999999959390539,
    "y[4,21,1,0]": 0.9999999959390539,
    "y[8,2,1,0]": 1.0,
    "y[14,8,1,0]": 1.0,
    "y[0,14,1,0]": 1.0
  },
  "T1": {},
  "T": {
    "T[0,0]": 10.66970119705245,
    "T[1,0]": 10.642863375806595,
    "T[1,1]": 3.288661414735312e-08
  },
  "A": {
    "A[0]": 10.503924782237448,
    "A[1]": 10.475595798564294
  },
  "B": {
    "B[0]": 10.669701195070875,
    "B[1]": 10.64286340869321
  },
  "L_w": 120,
  "L_d": 30,
  "staff_velocity": 0.58,
  "drone_velocity": 0.83,
  "M_t": 1400,
  "M_d": 5,
  "num_staff": 2,
  "num_drone": 2,
  "use_ejection": true,
  "use_inter": true,
  "use_intra": true,
  "solver": "CPLEX",
  "solver_log": false,
  "num_worker": -1,
  "time_limit": 18000,
  "model_params": {},
  "Optimal": 10.669701195070875,
  "Solve_Time": 18233.66026353836,
  "num_constraint": 28009,
  "Number of variables": 25609,
  "status": "FEASIBLE"
}