{
  "x": {
    "x[1,21,0,0]": 1.0,
    "x[4,1,0,0]": 1.0,
    "x[17,20,0,0]": 1.0,
    "x[20,4,0,0]": 1.0,
    "x[0,17,0,0]": 1.0,
    "x[7,12,1,0]": 1.0,
    "x[12,18,1,0]": 1.0,
    "x[14,21,1,0]": 1.0,
    "x[18,14,1,0]": 1.0,
    "x[0,7,1,0]": 1.0
  },
  "y": {
    "y[2,6,0,0]": 1.0,
    "y[5,21,0,0]": 1.0,
    "y[6,5,0,0]": 1.0,
    "y[8,2,0,0]": 1.0,
    "y[9,8,0,0]": 1.0,
    "y[13,9,0,0]": 1.0,
    "y[0,13,0,0]": 1.0,
    "y[3,19,1,0]": 1.0,
    "y[10,11,1,0]": 1.0,
    "y[11,21,1,0]": 1.0,
    "y[15,16,1,0]": 1.0,
    "y[16,3,1,0]": 1.0,
    "y[19,10,1,0]": 1.0,
    "y[0,15,1,0]": 1.0
  },
  "T1": {},
  "T": {
    "T[0,0]": 11.256504035289494,
    "T[0,1]": 9.999999717180681e-10,
    "T[1,0]": 11.899796542386916,
    "T[1,6]": 9.606500898623426e-10,
    "T[1,8]": 9.606500898623429e-10,
    "T[1,9]": 9.606500898623429e-10,
    "T[1,13]": 2.7074135663000456e-10
  },
  "A": {
    "A[0]": 11.969975713684036,
    "A[1]": 11.991200786115762
  },
  "B": {
    "B[0]": 11.256504036289494,
    "B[1]": 11.899796542400166
  },
  "L_w": 120,
  "L_d": 30,
  "staff_velocity": 0.58,
  "drone_velocity": 0.83,
  "M_t": 1400,
  "M_d": 5,
  "num_staff": 2,
  "num_drone": 2,
  "use_ejection": true,
  "use_inter": true,
  "use_intra": true,
  "solver": "CPLEX",
  "solver_log": false,
  "num_worker": -1,
  "time_limit": 18000,
  "model_params": {},
  "Optimal": 11.991200786115762,
  "Solve_Time": 18066.512504339218,
  "num_constraint": 26553,
  "Number of variables": 24221,
  "status": "FEASIBLE"
}