{
  "x": {
    "x[4,11,0,0]": 1.0,
    "x[11,17,0,0]": 1.0,
    "x[17,20,0,0]": 1.0,
    "x[20,21,0,0]": 1.0,
    "x[0,4,0,0]": 1.0,
    "x[6,12,1,0]": 1.0,
    "x[7,15,1,0]": 1.0,
    "x[12,21,1,0]": 1.0,
    "x[15,6,1,0]": 1.0,
    "x[0,7,1,0]": 1.0
  },
  "y": {
    "y[5,8,0,0]": 1.0,
    "y[8,21,0,0]": 1.0,
    "y[0,5,0,0]": 1.0,
    "y[1,21,0,1]": 1.0,
    "y[2,14,0,1]": 1.0,
    "y[14,1,0,1]": 1.0,
    "y[0,2,0,1]": 1.0,
    "y[10,19,1,0]": 1.0,
    "y[13,10,1,0]": 1.0,
    "y[16,21,1,0]": 1.0,
    "y[19,16,1,0]": 1.0,
    "y[0,13,1,0]": 1.0,
    "y[3,9,1,1]": 1.0,
    "y[9,21,1,1]": 1.0,
    "y[0,3,1,1]": 1.0,
    "y[18,21,1,2]": 1.0,
    "y[0,18,1,2]": 1.0
  },
  "T1": {},
  "T": {
    "T[0,0]": 28.581371897903487,
    "T[0,1]": 24.847677825004176,
    "T[1,0]": 29.582861667954027,
    "T[1,1]": 16.579106287665272,
    "T[1,2]": 2.806789737874924
  },
  "A": {
    "A[0]": 51.96899514859798,
    "A[1]": 52.39749905821283
  },
  "B": {
    "B[0]": 53.42904972290766,
    "B[1]": 48.96875769349422
  },
  "L_w": 120,
  "L_d": 30,
  "staff_velocity": 0.58,
  "drone_velocity": 0.83,
  "M_t": 1400,
  "M_d": 5,
  "num_staff": 2,
  "num_drone": 2,
  "use_ejection": true,
  "use_inter": true,
  "use_intra": true,
  "solver": "CPLEX",
  "solver_log": false,
  "num_worker": -1,
  "time_limit": 18000,
  "model_params": {},
  "Optimal": 53.42904972290766,
  "Solve_Time": 18081.675340890884,
  "num_constraint": 29405,
  "Number of variables": 28961,
  "status": "FEASIBLE"
}