{
  "x": {
    "x[2,9,0,0]": 1.0,
    "x[6,11,0,0]": 1.0,
    "x[9,6,0,0]": 1.0,
    "x[0,2,0,0]": 1.0
  },
  "y": {
    "y[1,10,0,0]": 1.0,
    "y[3,7,0,0]": 1.0,
    "y[4,5,0,0]": 1.0,
    "y[5,1,0,0]": 1.0,
    "y[7,4,0,0]": 1.0,
    "y[8,3,0,0]": 1.0,
    "y[10,11,0,0]": 1.0,
    "y[0,8,0,0]": 1.0
  },
  "T1": {},
  "T": {
    "T[0,0]": 29.017889371961935
  },
  "A": {
    "A[0]": 28.42407929781931
  },
  "B": {
    "B[0]": 29.017889371961935
  },
  "L_w": 120,
  "L_d": 30,
  "staff_velocity": 0.58,
  "drone_velocity": 0.83,
  "num_staff": 1,
  "num_drone": 1,
  "use_ejection": true,
  "use_inter": true,
  "use_intra": true,
  "solver": "CPLEX",
  "solver_log": false,
  "num_worker": -1,
  "time_limit": 36000,
  "model_params": {},
  "Optimal": 29.017889371961935,
  "Solve_Time": 1.5469319820404053,
  "num_constraint": 2615,
  "Number of variables": 2505,
  "status": "OPTIMAL"
}