{
  "x": {
    "x[3,11,0,0]": 1.0,
    "x[7,21,0,0]": 1.0,
    "x[11,7,0,0]": 1.0,
    "x[18,3,0,0]": 1.0,
    "x[19,18,0,0]": 1.0,
    "x[0,19,0,0]": 1.0,
    "x[1,16,1,0]": 1.0,
    "x[2,9,1,0]": 1.0,
    "x[5,2,1,0]": 1.0,
    "x[9,21,1,0]": 1.0,
    "x[16,5,1,0]": 1.0,
    "x[0,1,1,0]": 1.0
  },
  "y": {
    "y[8,17,0,0]": 1.0,
    "y[12,14,0,0]": 1.0,
    "y[14,21,0,0]": 1.0,
    "y[17,20,0,0]": 1.0,
    "y[20,12,0,0]": 1.0,
    "y[0,8,0,0]": 1.0,
    "y[4,10,0,1]": 1.0,
    "y[10,21,0,1]": 1.0,
    "y[0,4,0,1]": 1.0,
    "y[13,21,1,0]": 1.0,
    "y[15,13,1,0]": 1.0,
    "y[0,15,1,0]": 1.0,
    "y[6,21,1,1]": 1.0,
    "y[0,6,1,1]": 1.0
  },
  "T1": {},
  "T": {
    "T[0,0]": 23.625198490795164,
    "T[0,1]": 24.283618319754922,
    "T[1,0]": 19.195469143401304,
    "T[1,1]": 29.313526541892333
  },
  "A": {
    "A[0]": 48.48752050270818,
    "A[1]": 48.38852379013977
  },
  "B": {
    "B[0]": 47.908816810550086,
    "B[1]": 48.50899568529364
  },
  "L_w": 120,
  "L_d": 30,
  "staff_velocity": 0.58,
  "drone_velocity": 0.83,
  "M_t": 1400,
  "M_d": 5,
  "num_staff": 2,
  "num_drone": 2,
  "use_ejection": true,
  "use_inter": true,
  "use_intra": true,
  "solver": "CPLEX",
  "solver_log": false,
  "num_worker": -1,
  "time_limit": 18000,
  "model_params": {},
  "Optimal": 48.50899568529364,
  "Solve_Time": 18282.31390929222,
  "num_constraint": 29657,
  "Number of variables": 27185,
  "status": "FEASIBLE"
}