{
  "x": {
    "x[2,11,0,0]": 1.0,
    "x[3,5,0,0]": 1.0,
    "x[4,2,0,0]": 1.0,
    "x[5,4,0,0]": 1.0,
    "x[7,3,0,0]": 1.0,
    "x[0,7,0,0]": 1.0
  },
  "y": {
    "y[1,11,0,0]": 1.0,
    "y[6,10,0,0]": 1.0,
    "y[8,1,0,0]": 1.0,
    "y[9,8,0,0]": 1.0,
    "y[10,9,0,0]": 1.0,
    "y[0,6,0,0]": 1.0
  },
  "T1": {},
  "T": {
    "T[0,0]": 16.08307936997237
  },
  "A": {
    "A[0]": 20.33200786855219
  },
  "B": {
    "B[0]": 16.08307936997237
  },
  "L_w": 120,
  "L_d": 30,
  "staff_velocity": 0.58,
  "drone_velocity": 0.83,
  "M_t": 1400,
  "M_d": 5,
  "num_staff": 1,
  "num_drone": 1,
  "use_ejection": true,
  "use_inter": true,
  "use_intra": true,
  "solver": "CPLEX",
  "solver_log": false,
  "num_worker": -1,
  "time_limit": 36000,
  "model_params": {},
  "Optimal": 20.33200786855219,
  "Solve_Time": 0.40491247177124023,
  "num_constraint": 1765,
  "Number of variables": 1455,
  "status": "OPTIMAL"
}