{
  "x": {
    "x[4,13,0,0]": 1.0,
    "x[5,4,0,0]": 1.0,
    "x[7,8,0,0]": 1.0,
    "x[8,5,0,0]": 1.0,
    "x[9,7,0,0]": 1.0,
    "x[0,9,0,0]": 1.0
  },
  "y": {
    "y[3,13,0,0]": 1.0,
    "y[0,3,0,0]": 1.0,
    "y[12,13,0,1]": 1.0,
    "y[0,12,0,1]": 1.0,
    "y[10,11,0,2]": 1.0,
    "y[11,13,0,2]": 1.0,
    "y[0,10,0,2]": 1.0,
    "y[6,13,0,3]": 1.0,
    "y[0,6,0,3]": 1.0,
    "y[1,13,0,4]": 1.0,
    "y[2,1,0,4]": 1.0,
    "y[0,2,0,4]": 1.0
  },
  "T1": {},
  "T": {
    "T[0,0]": 19.831506513728762,
    "T[0,1]": 24.179454067659204,
    "T[0,2]": 24.903196691384153,
    "T[0,3]": 16.158519307089747,
    "T[0,4]": 28.97822619171422
  },
  "A": {
    "A[0]": 125.9079495672445
  },
  "B": {
    "B[0]": 114.05090277157609
  },
  "L_w": 120,
  "L_d": 30,
  "staff_velocity": 0.58,
  "drone_velocity": 0.83,
  "M_t": 1400,
  "M_d": 5,
  "num_staff": 1,
  "num_drone": 1,
  "use_ejection": true,
  "use_inter": true,
  "use_intra": true,
  "solver": "CPLEX",
  "solver_log": false,
  "num_worker": -1,
  "time_limit": 18000,
  "model_params": {},
  "Optimal": 125.9079495672445,
  "Solve_Time": 37.946890115737915,
  "num_constraint": 3841,
  "Number of variables": 3331,
  "status": "OPTIMAL"
}