{
  "x": {
    "x[2,8,0,0]": 1.0,
    "x[4,12,0,0]": 1.0,
    "x[8,10,0,0]": 1.0,
    "x[10,13,0,0]": 1.0,
    "x[12,2,0,0]": 1.0,
    "x[0,4,0,0]": 1.0
  },
  "y": {
    "y[1,9,0,0]": 1.0,
    "y[5,11,0,0]": 1.0,
    "y[6,13,0,0]": 1.0,
    "y[7,1,0,0]": 1.0,
    "y[9,5,0,0]": 1.0,
    "y[11,6,0,0]": 1.0,
    "y[0,7,0,0]": 1.0,
    "y[3,13,0,1]": 1.0,
    "y[0,3,0,1]": 1.0
  },
  "T1": {},
  "T": {
    "T[0,0]": 11.798206059632252,
    "T[0,1]": 0.6656215664055936
  },
  "A": {
    "A[0]": 12.768254847312512
  },
  "B": {
    "B[0]": 12.463827626037846
  },
  "L_w": 120,
  "L_d": 30,
  "staff_velocity": 0.58,
  "drone_velocity": 0.83,
  "M_t": 1400,
  "M_d": 5,
  "num_staff": 1,
  "num_drone": 1,
  "use_ejection": true,
  "use_inter": true,
  "use_intra": true,
  "solver": "CPLEX",
  "solver_log": false,
  "num_worker": -1,
  "time_limit": 18000,
  "model_params": {},
  "Optimal": 12.768254847312512,
  "Solve_Time": 6.884753942489624,
  "num_constraint": 4721,
  "Number of variables": 4157,
  "status": "OPTIMAL"
}