{
  "x": {
    "x[3,13,0,0]": 1.0,
    "x[7,3,0,0]": 1.0,
    "x[0,7,0,0]": 1.0,
    "x[2,12,1,0]": 1.0,
    "x[4,13,1,0]": 1.0,
    "x[12,4,1,0]": 1.0,
    "x[0,2,1,0]": 1.0
  },
  "y": {
    "y[6,10,0,0]": 1.0,
    "y[8,6,0,0]": 1.0,
    "y[10,13,0,0]": 1.0,
    "y[0,8,0,0]": 1.0,
    "y[1,13,1,0]": 1.0,
    "y[5,9,1,0]": 1.0,
    "y[9,1,1,0]": 1.0,
    "y[11,5,1,0]": 1.0,
    "y[0,11,1,0]": 1.0
  },
  "T1": {},
  "T": {
    "T[0,0]": 16.40533810435676,
    "T[1,0]": 16.751957008526233
  },
  "A": {
    "A[0]": 18.74193158813697,
    "A[1]": 18.523629738652396
  },
  "B": {
    "B[0]": 16.40533810435676,
    "B[1]": 16.751957008526233
  },
  "L_w": 120,
  "L_d": 30,
  "staff_velocity": 0.58,
  "drone_velocity": 0.83,
  "num_staff": 2,
  "num_drone": 2,
  "use_ejection": true,
  "use_inter": true,
  "use_intra": true,
  "solver": "CPLEX",
  "solver_log": false,
  "num_worker": -1,
  "time_limit": 36000,
  "model_params": {},
  "Optimal": 18.74193158813697,
  "Solve_Time": 10516.867866516113,
  "num_constraint": 8553,
  "Number of variables": 8313,
  "status": "OPTIMAL"
}