{
  "x": {
    "x[2,10,0,0]": 1.0,
    "x[5,7,0,0]": 1.0,
    "x[7,11,0,0]": 1.0,
    "x[10,5,0,0]": 1.0,
    "x[11,13,0,0]": 1.0,
    "x[0,2,0,0]": 1.0
  },
  "y": {
    "y[1,8,0,0]": 1.0,
    "y[4,1,0,0]": 1.0,
    "y[8,13,0,0]": 1.0,
    "y[0,4,0,0]": 1.0,
    "y[3,9,0,1]": 1.0,
    "y[6,12,0,1]": 1.0,
    "y[9,13,0,1]": 1.0,
    "y[12,3,0,1]": 1.0,
    "y[0,6,0,1]": 1.0
  },
  "T1": {},
  "T": {
    "T[0,0]": 29.200271051137722,
    "T[0,1]": 27.035230939337165
  },
  "A": {
    "A[0]": 63.0150562238731
  },
  "B": {
    "B[0]": 56.23550199047489
  },
  "L_w": 120,
  "L_d": 30,
  "staff_velocity": 0.58,
  "drone_velocity": 0.83,
  "M_t": 1400,
  "M_d": 5,
  "num_staff": 1,
  "num_drone": 1,
  "use_ejection": true,
  "use_inter": true,
  "use_intra": true,
  "solver": "CPLEX",
  "solver_log": false,
  "num_worker": -1,
  "time_limit": 18000,
  "model_params": {},
  "Optimal": 63.0150562238731,
  "Solve_Time": 22.04259467124939,
  "num_constraint": 4245,
  "Number of variables": 3709,
  "status": "OPTIMAL"
}