{
  "x": {
    "x[1,6,0,0]": 1.0,
    "x[6,7,0,0]": 1.0,
    "x[0,1,0,0]": 1.0
  },
  "y": {
    "y[2,5,0,0]": 1.0,
    "y[3,4,0,0]": 1.0,
    "y[4,7,0,0]": 1.0,
    "y[5,3,0,0]": 1.0,
    "y[0,2,0,0]": 1.0
  },
  "T1": {},
  "T": {
    "T[0,0]": 19.32234691410444
  },
  "A": {
    "A[0]": 20.660850344229097
  },
  "B": {
    "B[0]": 19.32234691410444
  },
  "L_w": 120,
  "L_d": 30,
  "staff_velocity": 0.58,
  "drone_velocity": 0.83,
  "M_t": 1400,
  "M_d": 5,
  "num_staff": 1,
  "num_drone": 1,
  "use_ejection": true,
  "use_inter": true,
  "use_intra": true,
  "solver": "CPLEX",
  "solver_log": false,
  "num_worker": -1,
  "time_limit": 36000,
  "model_params": {},
  "Optimal": 20.660850344229097,
  "Solve_Time": 0.12111544609069824,
  "num_constraint": 815,
  "Number of variables": 641,
  "status": "OPTIMAL"
}