{
  "x": {
    "x[10,18,0,0]": 1.0,
    "x[12,17,0,0]": 1.0,
    "x[13,21,0,0]": 1.0,
    "x[17,13,0,0]": 1.0,
    "x[18,12,0,0]": 1.0,
    "x[0,10,0,0]": 1.0,
    "x[2,15,1,0]": 1.0,
    "x[5,21,1,0]": 1.0,
    "x[15,5,1,0]": 1.0,
    "x[0,2,1,0]": 1.0
  },
  "y": {
    "y[1,20,0,0]": 1.0,
    "y[4,8,0,0]": 1.0,
    "y[6,4,0,0]": 1.0,
    "y[8,14,0,0]": 1.0,
    "y[9,6,0,0]": 1.0,
    "y[14,1,0,0]": 1.0,
    "y[20,21,0,0]": 1.0,
    "y[0,9,0,0]": 1.0,
    "y[3,11,1,0]": 1.0,
    "y[7,16,1,0]": 1.0,
    "y[11,19,1,0]": 1.0,
    "y[16,3,1,0]": 1.0,
    "y[19,21,1,0]": 1.0,
    "y[0,7,1,0]": 1.0
  },
  "T1": {},
  "T": {
    "T[0,0]": 20.834771280619,
    "T[1,0]": 22.11537380545529
  },
  "A": {
    "A[0]": 21.31532909107278,
    "A[1]": 20.47165571930321
  },
  "B": {
    "B[0]": 20.834771280619,
    "B[1]": 22.11537380545529
  },
  "L_w": 120,
  "L_d": 30,
  "staff_velocity": 0.58,
  "drone_velocity": 0.83,
  "num_staff": 2,
  "num_drone": 2,
  "use_ejection": true,
  "use_inter": true,
  "use_intra": true,
  "solver": "CPLEX",
  "solver_log": false,
  "num_worker": -1,
  "time_limit": 36000,
  "model_params": {},
  "Optimal": 22.115373799268955,
  "Solve_Time": 36507.62878036499,
  "num_constraint": 36009,
  "Number of variables": 35609,
  "status": "FEASIBLE"
}