{
  "x": {
    "x[7,14,0,0]": 0.9999999988819044,
    "x[14,19,0,0]": 1.0,
    "x[17,7,0,0]": 0.9999999988819044,
    "x[19,21,0,0]": 1.0,
    "x[20,17,0,0]": 1.0,
    "x[0,20,0,0]": 1.0,
    "x[1,18,1,0]": 1.0,
    "x[4,12,1,0]": 1.0,
    "x[6,21,1,0]": 1.0,
    "x[11,4,1,0]": 1.0,
    "x[12,1,1,0]": 1.0,
    "x[16,11,1,0]": 0.999999997632313,
    "x[18,6,1,0]": 1.0,
    "x[0,16,1,0]": 1.000000000183065
  },
  "y": {
    "y[3,21,0,0]": 1.0,
    "y[5,9,0,0]": 1.0,
    "y[8,3,0,0]": 1.0,
    "y[9,8,0,0]": 1.0,
    "y[15,5,0,0]": 1.0,
    "y[0,15,0,0]": 1.0,
    "y[2,21,1,0]": 1.0,
    "y[10,13,1,0]": 1.0,
    "y[13,2,1,0]": 1.0,
    "y[0,10,1,0]": 1.0
  },
  "T1": {},
  "T": {
    "T[0,0]": 8.550365266404148,
    "T[1,0]": 9.109311194314103
  },
  "A": {
    "A[0]": 8.798290073634748,
    "A[1]": 9.112132655646615
  },
  "B": {
    "B[0]": 8.550365266404148,
    "B[1]": 9.109311194314103
  },
  "L_w": 120,
  "L_d": 30,
  "staff_velocity": 0.58,
  "drone_velocity": 0.83,
  "M_t": 1400,
  "M_d": 5,
  "num_staff": 2,
  "num_drone": 2,
  "use_ejection": true,
  "use_inter": true,
  "use_intra": true,
  "solver": "CPLEX",
  "solver_log": false,
  "num_worker": -1,
  "time_limit": 18000,
  "model_params": {},
  "Optimal": 9.112132655646615,
  "Solve_Time": 18126.11143398285,
  "num_constraint": 33629,
  "Number of variables": 33161,
  "status": "FEASIBLE"
}