{
  "x": {
    "x[1,7,0,0]": 1.0,
    "x[3,1,0,0]": 1.0,
    "x[7,8,0,0]": 1.0,
    "x[8,13,0,0]": 1.0,
    "x[11,3,0,0]": 1.0,
    "x[0,11,0,0]": 1.0
  },
  "y": {
    "y[2,10,0,0]": 1.0,
    "y[4,12,0,0]": 1.0,
    "y[5,9,0,0]": 1.0,
    "y[6,2,0,0]": 1.0,
    "y[9,6,0,0]": 1.0,
    "y[10,4,0,0]": 1.0,
    "y[12,13,0,0]": 1.0,
    "y[0,5,0,0]": 1.0
  },
  "T1": {},
  "T": {
    "T[0,0]": 28.050531652026912
  },
  "A": {
    "A[0]": 28.095815291890226
  },
  "B": {
    "B[0]": 28.050531652026912
  },
  "L_w": 120,
  "L_d": 30,
  "staff_velocity": 0.58,
  "drone_velocity": 0.83,
  "M_t": 1400,
  "M_d": 5,
  "num_staff": 1,
  "num_drone": 1,
  "use_ejection": true,
  "use_inter": true,
  "use_intra": true,
  "solver": "CPLEX",
  "solver_log": false,
  "num_worker": -1,
  "time_limit": 18000,
  "model_params": {},
  "Optimal": 28.095815291890226,
  "Solve_Time": 210.6944670677185,
  "num_constraint": 3841,
  "Number of variables": 3331,
  "status": "OPTIMAL"
}