{
  "x": {
    "x[1,7,0,0]": 1.0,
    "x[2,5,0,0]": 1.0,
    "x[5,1,0,0]": 1.0,
    "x[0,2,0,0]": 1.0
  },
  "y": {
    "y[3,6,0,0]": 1.0,
    "y[4,7,0,0]": 1.0,
    "y[6,4,0,0]": 1.0,
    "y[0,3,0,0]": 1.0
  },
  "T1": {},
  "T": {
    "T[0,0]": 20.06596736643121
  },
  "A": {
    "A[0]": 21.927618665034473
  },
  "B": {
    "B[0]": 20.06596736643121
  },
  "L_w": 120,
  "L_d": 30,
  "staff_velocity": 0.58,
  "drone_velocity": 0.83,
  "M_t": 1400,
  "M_d": 5,
  "num_staff": 1,
  "num_drone": 1,
  "use_ejection": true,
  "use_inter": true,
  "use_intra": true,
  "solver": "CPLEX",
  "solver_log": false,
  "num_worker": -1,
  "time_limit": 36000,
  "model_params": {},
  "Optimal": 21.927618665034473,
  "Solve_Time": 0.1870279312133789,
  "num_constraint": 815,
  "Number of variables": 641,
  "status": "OPTIMAL"
}