{
  "x": {
    "x[5,10,0,0]": 1.0,
    "x[10,21,0,0]": 1.0,
    "x[13,5,0,0]": 1.0,
    "x[0,13,0,0]": 1.0,
    "x[8,16,1,0]": 1.0,
    "x[9,12,1,0]": 1.0,
    "x[12,8,1,0]": 1.0,
    "x[16,20,1,0]": 1.0,
    "x[20,21,1,0]": 1.0,
    "x[0,9,1,0]": 1.0
  },
  "y": {
    "y[6,19,0,0]": 1.0,
    "y[14,6,0,0]": 1.0,
    "y[15,14,0,0]": 1.0,
    "y[19,21,0,0]": 1.0,
    "y[0,15,0,0]": 1.0,
    "y[4,7,0,1]": 1.0,
    "y[7,21,0,1]": 1.0,
    "y[0,4,0,1]": 1.0,
    "y[18,21,0,2]": 1.0,
    "y[0,18,0,2]": 1.0,
    "y[1,3,1,0]": 1.0,
    "y[3,21,1,0]": 1.0,
    "y[0,1,1,0]": 1.0,
    "y[2,11,1,1]": 1.0,
    "y[11,21,1,1]": 1.0,
    "y[17,2,1,1]": 1.0,
    "y[0,17,1,1]": 1.0
  },
  "T1": {},
  "T": {
    "T[0,0]": 29.038598308022188,
    "T[0,1]": 26.485582110471807,
    "T[0,2]": 5.724053060269636,
    "T[1,0]": 29.292993906738975,
    "T[1,1]": 27.219565435780574
  },
  "A": {
    "A[0]": 49.489676029556705,
    "A[1]": 61.8877469998621
  },
  "B": {
    "B[0]": 61.24823347876363,
    "B[1]": 56.51255934251955
  },
  "L_w": 120,
  "L_d": 30,
  "staff_velocity": 0.58,
  "drone_velocity": 0.83,
  "M_t": 1400,
  "M_d": 5,
  "num_staff": 2,
  "num_drone": 2,
  "use_ejection": true,
  "use_inter": true,
  "use_intra": true,
  "solver": "CPLEX",
  "solver_log": false,
  "num_worker": -1,
  "time_limit": 18000,
  "model_params": {},
  "Optimal": 61.8877469998621,
  "Solve_Time": 18270.830654144287,
  "num_constraint": 31405,
  "Number of variables": 30949,
  "status": "FEASIBLE"
}