{
  "x": {
    "x[2,18,0,0]": 1.0,
    "x[4,21,0,0]": 1.0,
    "x[7,4,0,0]": 1.0,
    "x[8,2,0,0]": 1.0,
    "x[18,7,0,0]": 1.0,
    "x[0,8,0,0]": 1.0,
    "x[11,20,1,0]": 1.0,
    "x[16,21,1,0]": 1.0,
    "x[20,16,1,0]": 1.0,
    "x[0,11,1,0]": 1.0
  },
  "y": {
    "y[3,13,0,0]": 1.0,
    "y[6,21,0,0]": 1.0,
    "y[10,3,0,0]": 1.0,
    "y[13,15,0,0]": 1.0,
    "y[15,6,0,0]": 1.0,
    "y[0,10,0,0]": 1.0,
    "y[1,21,1,0]": 1.0,
    "y[5,19,1,0]": 1.0,
    "y[9,17,1,0]": 1.0,
    "y[12,9,1,0]": 1.0,
    "y[14,5,1,0]": 1.0,
    "y[17,1,1,0]": 1.0,
    "y[19,12,1,0]": 1.0,
    "y[0,14,1,0]": 1.0
  },
  "T1": {},
  "T": {
    "T[0,0]": 19.36576342487474,
    "T[1,0]": 20.332956607709207
  },
  "A": {
    "A[0]": 21.10975958284296,
    "A[1]": 21.40683479663486
  },
  "B": {
    "B[0]": 19.36576342487474,
    "B[1]": 20.332956607709207
  },
  "L_w": 120,
  "L_d": 30,
  "staff_velocity": 0.58,
  "drone_velocity": 0.83,
  "M_t": 1400,
  "M_d": 5,
  "num_staff": 2,
  "num_drone": 2,
  "use_ejection": true,
  "use_inter": true,
  "use_intra": true,
  "solver": "CPLEX",
  "solver_log": false,
  "num_worker": -1,
  "time_limit": 18000,
  "model_params": {},
  "Optimal": 21.40683479663486,
  "Solve_Time": 18107.078591108322,
  "num_constraint": 35873,
  "Number of variables": 33161,
  "status": "FEASIBLE"
}