{
  "x": {
    "x[11,13,0,0]": 1.0,
    "x[0,11,0,0]": 1.0,
    "x[4,8,1,0]": 1.0,
    "x[8,13,1,0]": 1.0,
    "x[0,4,1,0]": 1.0
  },
  "y": {
    "y[2,7,0,0]": 1.0,
    "y[7,12,0,0]": 1.0,
    "y[10,2,0,0]": 1.0,
    "y[12,13,0,0]": 1.0,
    "y[0,10,0,0]": 1.0,
    "y[1,13,1,0]": 1.0,
    "y[3,1,1,0]": 1.0,
    "y[5,6,1,0]": 1.0,
    "y[6,9,1,0]": 1.0,
    "y[9,3,1,0]": 1.0,
    "y[0,5,1,0]": 1.0
  },
  "T1": {},
  "T": {
    "T[0,0]": 15.970946739369186,
    "T[1,0]": 16.430168485722298
  },
  "A": {
    "A[0]": 16.076034200765505,
    "A[1]": 13.373638399242493
  },
  "B": {
    "B[0]": 15.970946739369186,
    "B[1]": 16.430168485722298
  },
  "L_w": 120,
  "L_d": 30,
  "staff_velocity": 0.58,
  "drone_velocity": 0.83,
  "num_staff": 2,
  "num_drone": 2,
  "use_ejection": true,
  "use_inter": true,
  "use_intra": true,
  "solver": "CPLEX",
  "solver_log": false,
  "num_worker": -1,
  "time_limit": 36000,
  "model_params": {},
  "Optimal": 16.430168485722298,
  "Solve_Time": 16966.973074913025,
  "num_constraint": 8553,
  "Number of variables": 8313,
  "status": "OPTIMAL"
}