{
  "x": {
    "x[5,7,0,0]": 1.0,
    "x[6,5,0,0]": 1.0,
    "x[0,6,0,0]": 1.0,
    "x[1,7,0,1]": 1.0,
    "x[0,1,0,1]": 1.0
  },
  "y": {
    "y[4,7,0,0]": 1.0,
    "y[0,4,0,0]": 1.0,
    "y[3,7,0,1]": 1.0,
    "y[0,3,0,1]": 1.0,
    "y[2,7,0,2]": 1.0,
    "y[0,2,0,2]": 1.0
  },
  "T1": {},
  "T": {
    "T[0,0]": 16.12985940128721,
    "T[0,1]": 21.04853913405568,
    "T[0,2]": 26.619341037946256
  },
  "A": {
    "A[0]": 63.58296886442937
  },
  "B": {
    "B[0]": 63.79773957328915
  },
  "L_w": 120,
  "L_d": 30,
  "staff_velocity": 0.58,
  "drone_velocity": 0.83,
  "num_staff": 1,
  "num_drone": 1,
  "use_ejection": true,
  "use_inter": true,
  "use_intra": true,
  "solver": "CPLEX",
  "solver_log": false,
  "num_worker": -1,
  "time_limit": 36000,
  "model_params": {},
  "Optimal": 63.79773957328914,
  "Solve_Time": 0.19513797760009766,
  "num_constraint": 707,
  "Number of variables": 641,
  "status": "OPTIMAL"
}