{
  "x": {
    "x[2,7,0,0]": 1.0,
    "x[7,14,0,0]": 1.0,
    "x[14,15,0,0]": 1.0,
    "x[15,21,0,0]": 1.0,
    "x[0,2,0,0]": 1.0,
    "x[3,10,1,0]": 1.0,
    "x[10,17,1,0]": 1.0,
    "x[17,21,1,0]": 1.0,
    "x[18,3,1,0]": 1.0,
    "x[0,18,1,0]": 1.0
  },
  "y": {
    "y[4,21,0,0]": 1.0,
    "y[6,19,0,0]": 1.0,
    "y[9,4,0,0]": 1.0,
    "y[11,6,0,0]": 1.0,
    "y[16,11,0,0]": 1.0,
    "y[19,9,0,0]": 1.0,
    "y[0,16,0,0]": 1.0,
    "y[1,21,1,0]": 1.0,
    "y[5,20,1,0]": 1.0,
    "y[8,12,1,0]": 1.0,
    "y[12,13,1,0]": 1.0,
    "y[13,5,1,0]": 1.0,
    "y[20,1,1,0]": 1.0,
    "y[0,8,1,0]": 1.0
  },
  "T1": {},
  "T": {
    "T[0,0]": 9.203739226313225,
    "T[1,0]": 8.737407880550833
  },
  "A": {
    "A[0]": 9.363043986148009,
    "A[1]": 9.290722043456064
  },
  "B": {
    "B[0]": 9.203739226313225,
    "B[1]": 8.737407880550833
  },
  "L_w": 120,
  "L_d": 30,
  "staff_velocity": 0.58,
  "drone_velocity": 0.83,
  "M_t": 1400,
  "M_d": 5,
  "num_staff": 2,
  "num_drone": 2,
  "use_ejection": true,
  "use_inter": true,
  "use_intra": true,
  "solver": "CPLEX",
  "solver_log": false,
  "num_worker": -1,
  "time_limit": 18000,
  "model_params": {},
  "Optimal": 9.363043986148009,
  "Solve_Time": 18007.317666053772,
  "num_constraint": 33577,
  "Number of variables": 30949,
  "status": "FEASIBLE"
}