{
  "x": {
    "x[3,8,0,0]": 1.0,
    "x[8,16,0,0]": 1.0,
    "x[9,3,0,0]": 1.0,
    "x[12,9,0,0]": 1.0,
    "x[16,21,0,0]": 1.0,
    "x[0,12,0,0]": 1.0,
    "x[2,11,1,0]": 1.0,
    "x[5,10,1,0]": 1.0,
    "x[10,2,1,0]": 1.0,
    "x[11,21,1,0]": 1.0,
    "x[13,5,1,0]": 1.0,
    "x[0,13,1,0]": 1.0
  },
  "y": {
    "y[1,21,0,0]": 1.0,
    "y[6,15,0,0]": 1.0,
    "y[14,1,0,0]": 1.0,
    "y[15,14,0,0]": 1.0,
    "y[0,6,0,0]": 1.0,
    "y[20,21,0,1]": 1.0,
    "y[0,20,0,1]": 1.0,
    "y[7,17,1,0]": 1.0,
    "y[17,21,1,0]": 1.0,
    "y[0,7,1,0]": 1.0,
    "y[4,19,1,1]": 1.0,
    "y[18,4,1,1]": 1.0,
    "y[19,21,1,1]": 1.0,
    "y[0,18,1,1]": 1.0
  },
  "T1": {},
  "T": {
    "T[0,0]": 27.211317616116922,
    "T[0,1]": 23.12772519289791,
    "T[1,0]": 21.783870324453595,
    "T[1,1]": 28.451054959088765
  },
  "A": {
    "A[0]": 51.17977642890989,
    "A[1]": 49.90444937276784
  },
  "B": {
    "B[0]": 50.33904280901483,
    "B[1]": 50.23492528354236
  },
  "L_w": 120,
  "L_d": 30,
  "staff_velocity": 0.58,
  "drone_velocity": 0.83,
  "M_t": 1400,
  "M_d": 5,
  "num_staff": 2,
  "num_drone": 2,
  "use_ejection": true,
  "use_inter": true,
  "use_intra": true,
  "solver": "CPLEX",
  "solver_log": false,
  "num_worker": -1,
  "time_limit": 18000,
  "model_params": {},
  "Optimal": 51.17977642890989,
  "Solve_Time": 18162.035552978516,
  "num_constraint": 33577,
  "Number of variables": 30949,
  "status": "FEASIBLE"
}