{
  "x": {
    "x[2,13,0,0]": 1.0,
    "x[3,2,0,0]": 1.0,
    "x[6,3,0,0]": 1.0,
    "x[7,6,0,0]": 1.0,
    "x[0,7,0,0]": 1.0
  },
  "y": {
    "y[1,11,0,0]": 1.0,
    "y[4,9,0,0]": 1.0,
    "y[5,13,0,0]": 1.0,
    "y[8,1,0,0]": 1.0,
    "y[9,10,0,0]": 1.0,
    "y[10,5,0,0]": 1.0,
    "y[11,4,0,0]": 1.0,
    "y[12,8,0,0]": 1.0,
    "y[0,12,0,0]": 1.0
  },
  "T1": {},
  "T": {
    "T[0,0]": 29.220357151237735
  },
  "A": {
    "A[0]": 29.897780511330897
  },
  "B": {
    "B[0]": 29.220357151237735
  },
  "L_w": 120,
  "L_d": 30,
  "staff_velocity": 0.58,
  "drone_velocity": 0.83,
  "M_t": 1400,
  "M_d": 5,
  "num_staff": 1,
  "num_drone": 1,
  "use_ejection": true,
  "use_inter": true,
  "use_intra": true,
  "solver": "CPLEX",
  "solver_log": false,
  "num_worker": -1,
  "time_limit": 18000,
  "model_params": {},
  "Optimal": 29.897780511330897,
  "Solve_Time": 342.341383934021,
  "num_constraint": 3503,
  "Number of variables": 3017,
  "status": "OPTIMAL"
}