{
  "x": {
    "x[1,3,0,0]": 1.0,
    "x[3,4,0,0]": 1.0,
    "x[4,13,0,0]": 1.0,
    "x[10,12,0,0]": 1.0,
    "x[12,1,0,0]": 1.0,
    "x[0,10,0,0]": 1.0
  },
  "y": {
    "y[2,7,0,0]": 1.0,
    "y[5,2,0,0]": 1.0,
    "y[6,9,0,0]": 1.0,
    "y[7,6,0,0]": 1.0,
    "y[8,5,0,0]": 1.0,
    "y[9,13,0,0]": 1.0,
    "y[11,8,0,0]": 1.0,
    "y[0,11,0,0]": 1.0
  },
  "T1": {},
  "T": {
    "T[0,0]": 18.73001729246054
  },
  "A": {
    "A[0]": 18.714766677453927
  },
  "B": {
    "B[0]": 18.73001729246054
  },
  "L_w": 120,
  "L_d": 30,
  "staff_velocity": 0.58,
  "drone_velocity": 0.83,
  "M_t": 1400,
  "M_d": 5,
  "num_staff": 1,
  "num_drone": 1,
  "use_ejection": true,
  "use_inter": true,
  "use_intra": true,
  "solver": "CPLEX",
  "solver_log": false,
  "num_worker": -1,
  "time_limit": 18000,
  "model_params": {},
  "Optimal": 18.73001729246054,
  "Solve_Time": 491.4905037879944,
  "num_constraint": 3841,
  "Number of variables": 3331,
  "status": "OPTIMAL"
}