{
  "x": {
    "x[4,10,0,0]": 1.0,
    "x[5,6,0,0]": 1.0,
    "x[6,12,0,0]": 1.0,
    "x[7,5,0,0]": 1.0,
    "x[10,13,0,0]": 1.0,
    "x[12,4,0,0]": 1.0,
    "x[0,7,0,0]": 1.0
  },
  "y": {
    "y[1,2,0,0]": 1.0,
    "y[2,8,0,0]": 1.0,
    "y[3,1,0,0]": 1.0,
    "y[8,13,0,0]": 1.0,
    "y[0,3,0,0]": 1.0,
    "y[9,11,0,1]": 1.0,
    "y[11,13,0,1]": 1.0,
    "y[0,9,0,1]": 1.0
  },
  "T1": {},
  "T": {
    "T[0,0]": 7.381346519280639,
    "T[0,1]": 6.188082095520864
  },
  "A": {
    "A[0]": 14.031728417033325
  },
  "B": {
    "B[0]": 13.569428614801502
  },
  "L_w": 120,
  "L_d": 30,
  "staff_velocity": 0.58,
  "drone_velocity": 0.83,
  "M_t": 1400,
  "M_d": 5,
  "num_staff": 1,
  "num_drone": 1,
  "use_ejection": true,
  "use_inter": true,
  "use_intra": true,
  "solver": "CPLEX",
  "solver_log": false,
  "num_worker": -1,
  "time_limit": 18000,
  "model_params": {},
  "Optimal": 14.031728417033325,
  "Solve_Time": 5.301693677902222,
  "num_constraint": 3503,
  "Number of variables": 3017,
  "status": "OPTIMAL"
}