{
  "x": {
    "x[10,16,0,0]": 1.0,
    "x[13,21,0,0]": 1.0,
    "x[15,10,0,0]": 1.0,
    "x[16,13,0,0]": 1.0,
    "x[0,15,0,0]": 1.0,
    "x[1,11,1,0]": 1.0,
    "x[2,8,1,0]": 1.0,
    "x[6,2,1,0]": 1.0,
    "x[8,14,1,0]": 1.0,
    "x[11,6,1,0]": 1.0,
    "x[14,21,1,0]": 1.0,
    "x[0,1,1,0]": 1.0
  },
  "y": {
    "y[4,21,0,0]": 1.0,
    "y[5,4,0,0]": 1.0,
    "y[12,19,0,0]": 1.0,
    "y[19,5,0,0]": 1.0,
    "y[0,12,0,0]": 1.0,
    "y[3,17,1,0]": 1.0,
    "y[7,9,1,0]": 1.0,
    "y[9,20,1,0]": 1.0,
    "y[17,18,1,0]": 1.0,
    "y[18,21,1,0]": 1.0,
    "y[20,3,1,0]": 1.0,
    "y[0,7,1,0]": 1.0
  },
  "T1": {},
  "T": {
    "T[0,0]": 24.741338608680298,
    "T[1,0]": 24.328895191925135
  },
  "A": {
    "A[0]": 24.662134419028902,
    "A[1]": 24.636855749643217
  },
  "B": {
    "B[0]": 24.7413386026803,
    "B[1]": 24.328895191925135
  },
  "L_w": 120,
  "L_d": 30,
  "staff_velocity": 0.58,
  "drone_velocity": 0.83,
  "M_t": 1400,
  "M_d": 5,
  "num_staff": 2,
  "num_drone": 2,
  "use_ejection": true,
  "use_inter": true,
  "use_intra": true,
  "solver": "CPLEX",
  "solver_log": false,
  "num_worker": -1,
  "time_limit": 18000,
  "model_params": {},
  "Optimal": 24.7413386026803,
  "Solve_Time": 18073.893530368805,
  "num_constraint": 26029,
  "Number of variables": 25609,
  "status": "FEASIBLE"
}