{
  "x": {
    "x[2,10,0,0]": 1.0,
    "x[8,2,0,0]": 1.0,
    "x[9,8,0,0]": 1.0,
    "x[10,11,0,0]": 1.0,
    "x[0,9,0,0]": 1.0
  },
  "y": {
    "y[1,5,0,0]": 1.0,
    "y[3,1,0,0]": 1.0,
    "y[4,3,0,0]": 1.0,
    "y[5,11,0,0]": 1.0,
    "y[6,7,0,0]": 1.0,
    "y[7,4,0,0]": 1.0,
    "y[0,6,0,0]": 1.0
  },
  "T1": {},
  "T": {
    "T[0,0]": 12.250398683172818
  },
  "A": {
    "A[0]": 12.803912712517095
  },
  "B": {
    "B[0]": 12.250398683172818
  },
  "L_w": 120,
  "L_d": 30,
  "staff_velocity": 0.58,
  "drone_velocity": 0.83,
  "num_staff": 1,
  "num_drone": 1,
  "use_ejection": true,
  "use_inter": true,
  "use_intra": true,
  "solver": "CPLEX",
  "solver_log": false,
  "num_worker": -1,
  "time_limit": 36000,
  "model_params": {},
  "Optimal": 12.803912712517095,
  "Solve_Time": 3.6285552978515625,
  "num_constraint": 2615,
  "Number of variables": 2505,
  "status": "OPTIMAL"
}