{
  "x": {
    "x[1,14,0,0]": 1.0,
    "x[4,21,0,0]": 1.0,
    "x[6,4,0,0]": 1.0,
    "x[8,6,0,0]": 1.0,
    "x[14,8,0,0]": 1.0,
    "x[20,1,0,0]": 1.0,
    "x[0,20,0,0]": 1.0,
    "x[3,16,1,0]": 1.0,
    "x[10,19,1,0]": 1.0,
    "x[11,21,1,0]": 1.0,
    "x[16,11,1,0]": 1.0,
    "x[19,3,1,0]": 1.0,
    "x[0,10,1,0]": 1.0
  },
  "y": {
    "y[7,21,0,0]": 1.0,
    "y[12,7,0,0]": 1.0,
    "y[13,17,0,0]": 1.0,
    "y[15,13,0,0]": 1.0,
    "y[17,12,0,0]": 1.0,
    "y[0,15,0,0]": 1.0,
    "y[2,9,1,0]": 1.0,
    "y[5,18,1,0]": 1.0,
    "y[9,5,1,0]": 1.0,
    "y[18,21,1,0]": 1.0,
    "y[0,2,1,0]": 1.0
  },
  "T1": {},
  "T": {
    "T[0,0]": 21.902666211657777,
    "T[0,7]": 2.168412695196941e-09,
    "T[0,9]": 2.4958034098305006e-11,
    "T[0,14]": 2.4630161831000794e-09,
    "T[1,0]": 21.90158118752717,
    "T[1,6]": 5.588914752146069e-10
  },
  "A": {
    "A[0]": 17.201882941486076,
    "A[1]": 21.433752015137316
  },
  "B": {
    "B[0]": 21.902666213559606,
    "B[1]": 21.901581187204165
  },
  "L_w": 120,
  "L_d": 30,
  "staff_velocity": 0.58,
  "drone_velocity": 0.83,
  "M_t": 1400,
  "M_d": 5,
  "num_staff": 2,
  "num_drone": 2,
  "use_ejection": true,
  "use_inter": true,
  "use_intra": true,
  "solver": "CPLEX",
  "solver_log": false,
  "num_worker": -1,
  "time_limit": 18000,
  "model_params": {},
  "Optimal": 21.902666205657773,
  "Solve_Time": 18008.83535003662,
  "num_constraint": 31509,
  "Number of variables": 28961,
  "status": "FEASIBLE"
}