{
  "x": {
    "x[1,2,0,0]": 1.0,
    "x[2,6,0,0]": 1.0,
    "x[3,11,0,0]": 1.0,
    "x[6,3,0,0]": 1.0,
    "x[0,1,0,0]": 1.0,
    "x[7,11,0,1]": 1.0,
    "x[0,7,0,1]": 1.0
  },
  "y": {
    "y[4,10,0,0]": 1.0,
    "y[5,4,0,0]": 1.0,
    "y[10,11,0,0]": 1.0,
    "y[0,5,0,0]": 1.0,
    "y[8,11,0,1]": 1.0,
    "y[9,8,0,1]": 1.0,
    "y[0,9,0,1]": 1.0
  },
  "T1": {},
  "T": {
    "T[0,0]": 28.338792549970716,
    "T[0,1]": 28.556436202355222
  },
  "A": {
    "A[0]": 56.649028165312956
  },
  "B": {
    "B[0]": 56.895228752325934
  },
  "L_w": 120,
  "L_d": 30,
  "staff_velocity": 0.58,
  "drone_velocity": 0.83,
  "num_staff": 1,
  "num_drone": 1,
  "use_ejection": true,
  "use_inter": true,
  "use_intra": true,
  "solver": "CPLEX",
  "solver_log": false,
  "num_worker": -1,
  "time_limit": 36000,
  "model_params": {},
  "Optimal": 56.895228752325934,
  "Solve_Time": 3.938983201980591,
  "num_constraint": 2615,
  "Number of variables": 2505,
  "status": "OPTIMAL"
}