{
  "x": {
    "x[1,7,0,0]": 1.0,
    "x[5,1,0,0]": 1.0,
    "x[6,5,0,0]": 1.0,
    "x[0,6,0,0]": 1.0
  },
  "y": {
    "y[2,3,0,0]": 1.0,
    "y[3,4,0,0]": 1.0,
    "y[4,7,0,0]": 1.0,
    "y[0,2,0,0]": 1.0
  },
  "T1": {},
  "T": {
    "T[0,0]": 11.528063396659602
  },
  "A": {
    "A[0]": 11.531040633105484
  },
  "B": {
    "B[0]": 11.528063396659602
  },
  "L_w": 120,
  "L_d": 30,
  "staff_velocity": 0.58,
  "drone_velocity": 0.83,
  "num_staff": 1,
  "num_drone": 1,
  "use_ejection": true,
  "use_inter": true,
  "use_intra": true,
  "solver": "CPLEX",
  "solver_log": false,
  "num_worker": -1,
  "time_limit": 36000,
  "model_params": {},
  "Optimal": 11.531040633105484,
  "Solve_Time": 0.10851001739501953,
  "num_constraint": 707,
  "Number of variables": 641,
  "status": "OPTIMAL"
}