{
  "x": {
    "x[6,7,0,0]": 1.0,
    "x[0,6,0,0]": 1.0
  },
  "y": {
    "y[1,7,0,0]": 1.0,
    "y[2,1,0,0]": 1.0,
    "y[3,5,0,0]": 1.0,
    "y[4,3,0,0]": 1.0,
    "y[5,2,0,0]": 1.0,
    "y[0,4,0,0]": 1.0
  },
  "T1": {},
  "T": {
    "T[0,0]": 15.342611263588172
  },
  "A": {
    "A[0]": 16.72634059982888
  },
  "B": {
    "B[0]": 15.342611263588172
  },
  "L_w": 120,
  "L_d": 30,
  "staff_velocity": 0.58,
  "drone_velocity": 0.83,
  "M_t": 1400,
  "M_d": 5,
  "num_staff": 1,
  "num_drone": 1,
  "use_ejection": true,
  "use_inter": true,
  "use_intra": true,
  "solver": "CPLEX",
  "solver_log": false,
  "num_worker": -1,
  "time_limit": 36000,
  "model_params": {},
  "Optimal": 16.72634059982888,
  "Solve_Time": 0.11351251602172852,
  "num_constraint": 815,
  "Number of variables": 641,
  "status": "OPTIMAL"
}