{
  "x": {
    "x[1,5,0,0]": 1.0,
    "x[2,11,0,0]": 1.0,
    "x[4,9,0,0]": 1.0,
    "x[5,4,0,0]": 1.0,
    "x[9,2,0,0]": 1.0,
    "x[0,1,0,0]": 1.0
  },
  "y": {
    "y[3,10,0,0]": 1.0,
    "y[6,8,0,0]": 1.0,
    "y[7,6,0,0]": 1.0,
    "y[8,3,0,0]": 1.0,
    "y[10,11,0,0]": 1.0,
    "y[0,7,0,0]": 1.0
  },
  "T1": {},
  "T": {
    "T[0,0]": 28.18098808140953
  },
  "A": {
    "A[0]": 27.94822376277502
  },
  "B": {
    "B[0]": 28.18098808140953
  },
  "L_w": 120,
  "L_d": 30,
  "staff_velocity": 0.58,
  "drone_velocity": 0.83,
  "M_t": 1400,
  "M_d": 5,
  "num_staff": 1,
  "num_drone": 1,
  "use_ejection": true,
  "use_inter": true,
  "use_intra": true,
  "solver": "CPLEX",
  "solver_log": false,
  "num_worker": -1,
  "time_limit": 36000,
  "model_params": {},
  "Optimal": 28.18098808140953,
  "Solve_Time": 0.4550011157989502,
  "num_constraint": 2075,
  "Number of variables": 1731,
  "status": "OPTIMAL"
}