{
  "x": {
    "x[4,21,0,0]": 1.0,
    "x[11,17,0,0]": 1.0,
    "x[17,20,0,0]": 1.0,
    "x[20,4,0,0]": 1.0,
    "x[0,11,0,0]": 1.0,
    "x[6,12,1,0]": 1.0,
    "x[7,15,1,0]": 1.0,
    "x[12,21,1,0]": 1.0,
    "x[15,6,1,0]": 1.0,
    "x[0,7,1,0]": 1.0
  },
  "y": {
    "y[16,21,0,0]": 1.0,
    "y[19,16,0,0]": 1.0,
    "y[0,19,0,0]": 1.0,
    "y[8,13,0,1]": 1.0,
    "y[13,18,0,1]": 1.0,
    "y[18,21,0,1]": 1.0,
    "y[0,8,0,1]": 1.0,
    "y[3,5,1,0]": 1.0,
    "y[5,21,1,0]": 1.0,
    "y[9,3,1,0]": 1.0,
    "y[10,9,1,0]": 1.0,
    "y[0,10,1,0]": 1.0,
    "y[1,14,1,1]": 1.0,
    "y[2,21,1,1]": 1.0,
    "y[14,2,1,1]": 1.0,
    "y[0,1,1,1]": 1.0
  },
  "T1": {},
  "T": {
    "T[0,0]": 27.348687710937547,
    "T[0,1]": 20.178144608072934,
    "T[1,0]": 27.39409209049033,
    "T[1,1]": 24.847677825004176
  },
  "A": {
    "A[0]": 51.24867289493644,
    "A[1]": 52.39749905821283
  },
  "B": {
    "B[0]": 47.52683231901048,
    "B[1]": 52.2417699154945
  },
  "L_w": 120,
  "L_d": 30,
  "staff_velocity": 0.58,
  "drone_velocity": 0.83,
  "M_t": 1400,
  "M_d": 5,
  "num_staff": 2,
  "num_drone": 2,
  "use_ejection": true,
  "use_inter": true,
  "use_intra": true,
  "solver": "CPLEX",
  "solver_log": false,
  "num_worker": -1,
  "time_limit": 18000,
  "model_params": {},
  "Optimal": 52.39749905821283,
  "Solve_Time": 18017.817974090576,
  "num_constraint": 31509,
  "Number of variables": 28961,
  "status": "FEASIBLE"
}