{
  "x": {
    "x[3,13,0,0]": 1.0,
    "x[12,3,0,0]": 1.0,
    "x[0,12,0,0]": 1.0,
    "x[1,11,1,0]": 1.0,
    "x[2,1,1,0]": 1.0,
    "x[8,2,1,0]": 1.0,
    "x[11,13,1,0]": 1.0,
    "x[0,8,1,0]": 1.0
  },
  "y": {
    "y[5,6,0,0]": 1.0,
    "y[6,7,0,0]": 1.0,
    "y[7,13,0,0]": 1.0,
    "y[0,5,0,0]": 1.0,
    "y[4,9,1,0]": 1.0,
    "y[9,10,1,0]": 1.0,
    "y[10,13,1,0]": 1.0,
    "y[0,4,1,0]": 1.0
  },
  "T1": {},
  "T": {
    "T[0,0]": 15.57511933729204,
    "T[1,0]": 17.058969385029197
  },
  "A": {
    "A[0]": 16.35434691260029,
    "A[1]": 16.861201998440574
  },
  "B": {
    "B[0]": 15.57511933729204,
    "B[1]": 17.058969385029197
  },
  "L_w": 120,
  "L_d": 30,
  "staff_velocity": 0.58,
  "drone_velocity": 0.83,
  "num_staff": 2,
  "num_drone": 2,
  "use_ejection": true,
  "use_inter": true,
  "use_intra": true,
  "solver": "CPLEX",
  "solver_log": false,
  "num_worker": -1,
  "time_limit": 36000,
  "model_params": {},
  "Optimal": 17.058969385029197,
  "Solve_Time": 1578.3445994853973,
  "num_constraint": 8553,
  "Number of variables": 8313,
  "status": "OPTIMAL"
}