{
  "x": {
    "x[1,9,0,0]": 1.0,
    "x[3,7,0,0]": 1.0,
    "x[7,8,0,0]": 1.0,
    "x[8,1,0,0]": 1.0,
    "x[9,11,0,0]": 1.0,
    "x[0,3,0,0]": 1.0
  },
  "y": {
    "y[2,4,0,0]": 1.0,
    "y[4,6,0,0]": 1.0,
    "y[5,11,0,0]": 1.0,
    "y[6,5,0,0]": 1.0,
    "y[10,2,0,0]": 1.0,
    "y[0,10,0,0]": 1.0
  },
  "T1": {},
  "T": {
    "T[0,0]": 12.593777645389768
  },
  "A": {
    "A[0]": 11.485775687348724
  },
  "B": {
    "B[0]": 12.593777645389768
  },
  "L_w": 120,
  "L_d": 30,
  "staff_velocity": 0.58,
  "drone_velocity": 0.83,
  "num_staff": 1,
  "num_drone": 1,
  "use_ejection": true,
  "use_inter": true,
  "use_intra": true,
  "solver": "CPLEX",
  "solver_log": false,
  "num_worker": -1,
  "time_limit": 36000,
  "model_params": {},
  "Optimal": 12.593777645389768,
  "Solve_Time": 3.816725492477417,
  "num_constraint": 2615,
  "Number of variables": 2505,
  "status": "OPTIMAL"
}