{
  "x": {
    "x[7,19,0,0]": 1.0,
    "x[9,21,0,0]": 1.0,
    "x[19,9,0,0]": 1.0,
    "x[0,7,0,0]": 1.0,
    "x[11,21,1,0]": 1.0,
    "x[13,11,1,0]": 1.0,
    "x[15,13,1,0]": 1.0,
    "x[0,15,1,0]": 1.0
  },
  "y": {
    "y[3,6,0,0]": 1.0,
    "y[5,18,0,0]": 1.0,
    "y[6,12,0,0]": 1.0,
    "y[12,5,0,0]": 1.0,
    "y[14,21,0,0]": 1.0,
    "y[18,14,0,0]": 1.0,
    "y[0,3,0,0]": 1.0,
    "y[1,21,1,0]": 1.0,
    "y[2,8,1,0]": 1.0,
    "y[4,16,1,0]": 1.0,
    "y[8,20,1,0]": 1.0,
    "y[10,17,1,0]": 0.9999999992565175,
    "y[16,10,1,0]": 1.0,
    "y[17,2,1,0]": 1.0,
    "y[20,1,1,0]": 1.0,
    "y[0,4,1,0]": 1.0
  },
  "T1": {},
  "T": {
    "T[0,0]": 21.28911397634226,
    "T[1,0]": 21.226981862629145,
    "T[1,5]": 8.551225295758754e-10
  },
  "A": {
    "A[0]": 20.21850864477785,
    "A[1]": 18.065444328677554
  },
  "B": {
    "B[0]": 21.289113972342257,
    "B[1]": 21.226981863338715
  },
  "L_w": 120,
  "L_d": 30,
  "staff_velocity": 0.58,
  "drone_velocity": 0.83,
  "M_t": 1400,
  "M_d": 5,
  "num_staff": 2,
  "num_drone": 2,
  "use_ejection": true,
  "use_inter": true,
  "use_intra": true,
  "solver": "CPLEX",
  "solver_log": false,
  "num_worker": -1,
  "time_limit": 18000,
  "model_params": {},
  "Optimal": 21.289113972342257,
  "Solve_Time": 18255.438742399216,
  "num_constraint": 35873,
  "Number of variables": 33161,
  "status": "FEASIBLE"
}