{
  "x": {
    "x[33,51,1,0]": 1.0,
    "x[0,33,1,0]": 1.0,
    "x[8,51,1,1]": 1.0,
    "x[0,8,1,1]": 1.0,
    "x[44,51,1,2]": 1.0,
    "x[0,44,1,2]": 1.0,
    "x[3,51,1,3]": 1.0,
    "x[0,3,1,3]": 1.0,
    "x[46,51,1,4]": 1.0,
    "x[0,46,1,4]": 1.0,
    "x[36,51,1,5]": 1.0,
    "x[0,36,1,5]": 1.0,
    "x[11,51,1,6]": 1.0,
    "x[0,11,1,6]": 1.0,
    "x[40,51,1,7]": 1.0,
    "x[0,40,1,7]": 1.0,
    "x[9,51,1,8]": 1.0,
    "x[0,9,1,8]": 1.0,
    "x[20,51,1,9]": 1.0,
    "x[0,20,1,9]": 1.0,
    "x[23,51,1,10]": 1.0,
    "x[0,23,1,10]": 1.0,
    "x[22,51,1,11]": 1.0,
    "x[0,22,1,11]": 1.0,
    "x[14,51,1,12]": 1.0,
    "x[0,14,1,12]": 1.0,
    "x[12,51,1,13]": 1.0,
    "x[0,12,1,13]": 1.0,
    "x[2,51,1,14]": 1.0,
    "x[0,2,1,14]": 1.0,
    "x[25,51,1,15]": 1.0,
    "x[0,25,1,15]": 1.0,
    "x[7,51,1,16]": 1.0,
    "x[39,7,1,16]": 1.0,
    "x[48,39,1,16]": 1.0,
    "x[0,48,1,16]": 1.0,
    "x[13,51,2,0]": 1.0,
    "x[0,13,2,0]": 1.0,
    "x[50,51,2,1]": 1.0,
    "x[0,50,2,1]": 1.0
  },
  "y": {
    "y[49,51,1,0]": 1.0,
    "y[0,49,1,0]": 1.0,
    "y[16,51,1,1]": 1.0,
    "y[0,16,1,1]": 1.0,
    "y[37,51,1,2]": 1.0,
    "y[0,37,1,2]": 1.0,
    "y[26,51,1,3]": 1.0,
    "y[0,26,1,3]": 1.0,
    "y[38,51,1,4]": 1.0,
    "y[0,38,1,4]": 1.0,
    "y[27,51,1,5]": 1.0,
    "y[0,27,1,5]": 1.0,
    "y[31,51,1,6]": 1.0,
    "y[0,31,1,6]": 1.0,
    "y[45,51,1,7]": 1.0,
    "y[0,45,1,7]": 1.0,
    "y[35,51,1,8]": 1.0,
    "y[0,35,1,8]": 1.0,
    "y[1,51,1,9]": 1.0,
    "y[0,1,1,9]": 1.0,
    "y[5,51,1,10]": 1.0,
    "y[0,5,1,10]": 1.0,
    "y[24,51,1,11]": 1.0,
    "y[0,24,1,11]": 1.0,
    "y[21,51,1,12]": 1.0,
    "y[0,21,1,12]": 1.0,
    "y[6,51,1,13]": 1.0,
    "y[0,6,1,13]": 1.0,
    "y[29,51,1,14]": 1.0,
    "y[0,29,1,14]": 1.0,
    "y[32,51,1,15]": 1.0,
    "y[0,32,1,15]": 1.0,
    "y[4,51,1,16]": 1.0,
    "y[0,4,1,16]": 1.0,
    "y[17,51,1,17]": 1.0,
    "y[0,17,1,17]": 1.0,
    "y[15,51,1,18]": 1.0,
    "y[0,15,1,18]": 1.0,
    "y[30,51,1,19]": 1.0,
    "y[0,30,1,19]": 1.0,
    "y[43,51,1,20]": 1.0,
    "y[0,43,1,20]": 1.0,
    "y[41,51,1,21]": 1.0,
    "y[0,41,1,21]": 1.0,
    "y[19,51,1,22]": 1.0,
    "y[0,19,1,22]": 1.0,
    "y[18,51,1,23]": 1.0,
    "y[0,18,1,23]": 1.0,
    "y[42,51,1,24]": 1.0,
    "y[0,42,1,24]": 1.0,
    "y[10,51,1,25]": 1.0,
    "y[0,10,1,25]": 1.0,
    "y[28,34,1,26]": 1.0,
    "y[34,51,1,26]": 1.0,
    "y[47,28,1,26]": 1.0,
    "y[0,47,1,26]": 1.0
  },
  "T1": {},
  "T": {
    "T[1,0]": 5.726011736347249,
    "T[1,1]": 9.598250101634925,
    "T[1,2]": 14.711174504069326,
    "T[1,3]": 4.087780868096922,
    "T[1,4]": 10.66820189710604,
    "T[1,5]": 14.942428834795992,
    "T[1,6]": 11.441666212468048,
    "T[1,7]": 9.594011293026146,
    "T[1,8]": 7.813847044186149,
    "T[1,9]": 9.572032112409065,
    "T[1,10]": 6.56245986927838,
    "T[1,11]": 12.59461975235408,
    "T[1,12]": 9.320347825029303,
    "T[1,13]": 4.3715713820172075,
    "T[1,14]": 11.5371144477623,
    "T[1,15]": 1.561036686394608,
    "T[1,16]": 11.50237449175281,
    "T[1,17]": 5.8722277541237204,
    "T[1,18]": 11.351119780717932,
    "T[1,19]": 7.858004116690205,
    "T[1,20]": 13.01761497140657,
    "T[1,21]": 14.39091861490584,
    "T[1,22]": 6.335494234291232,
    "T[1,23]": 9.284829508911514,
    "T[1,24]": 12.304957477517599,
    "T[1,25]": 6.935672260063659,
    "T[1,26]": 14.613177761226906
  },
  "A": {
    "A[1]": 246.59578835174096,
    "A[2]": 40.968693699163936
  },
  "B": {
    "B[1]": 257.5689455385837
  },
  "L_w": 120,
  "L_d": 30,
  "staff_velocity": 0.58,
  "drone_velocity": 0.83,
  "M_t": 1400,
  "M_d": 5,
  "num_staff": 3,
  "num_drone": 3,
  "use_ejection": true,
  "use_inter": true,
  "use_intra": true,
  "solver": "CPLEX",
  "solver_log": false,
  "num_worker": -1,
  "time_limit": 18000,
  "model_params": {},
  "Optimal": 257.5689455385837,
  "Solve_Time": 18010.489093065262,
  "num_constraint": 680759,
  "Number of variables": 658591,
  "status": "FEASIBLE"
}