{
  "x": {
    "x[4,14,1,0]": 1.0,
    "x[7,41,1,0]": 1.0,
    "x[9,43,1,0]": 1.0,
    "x[10,9,1,0]": 1.0,
    "x[14,44,1,0]": 1.0,
    "x[17,25,1,0]": 1.0,
    "x[18,7,1,0]": 1.0,
    "x[25,10,1,0]": 1.0,
    "x[29,40,1,0]": 1.0,
    "x[40,18,1,0]": 1.0,
    "x[41,49,1,0]": 1.0,
    "x[43,4,1,0]": 1.0,
    "x[44,29,1,0]": 1.0,
    "x[47,51,1,0]": 1.0,
    "x[49,47,1,0]": 1.0,
    "x[0,17,1,0]": 1.0,
    "x[23,51,1,1]": 1.0,
    "x[0,23,1,1]": 1.0,
    "x[8,20,1,2]": 1.0,
    "x[16,46,1,2]": 1.0,
    "x[20,37,1,2]": 1.0,
    "x[35,48,1,2]": 1.0,
    "x[37,16,1,2]": 1.0,
    "x[45,51,1,2]": 1.0,
    "x[46,50,1,2]": 1.0,
    "x[48,8,1,2]": 1.0,
    "x[50,45,1,2]": 1.0,
    "x[0,35,1,2]": 1.0,
    "x[28,51,2,0]": 1.0,
    "x[0,28,2,0]": 1.0
  },
  "y": {
    "y[33,51,2,0]": 1.0,
    "y[38,33,2,0]": 1.0,
    "y[0,38,2,0]": 1.0,
    "y[6,12,2,1]": 1.0,
    "y[12,51,2,1]": 1.0,
    "y[32,6,2,1]": 1.0,
    "y[0,32,2,1]": 1.0,
    "y[15,51,2,2]": 1.0,
    "y[0,15,2,2]": 1.0,
    "y[31,51,2,3]": 1.0,
    "y[0,31,2,3]": 1.0,
    "y[26,39,2,4]": 1.0,
    "y[39,51,2,4]": 1.0,
    "y[0,26,2,4]": 1.0,
    "y[36,51,2,5]": 1.0,
    "y[0,36,2,5]": 1.0,
    "y[19,51,2,6]": 1.0,
    "y[0,19,2,6]": 1.0,
    "y[24,51,2,7]": 1.0,
    "y[0,24,2,7]": 1.0,
    "y[30,51,2,8]": 1.0,
    "y[0,30,2,8]": 1.0,
    "y[1,51,2,9]": 1.0,
    "y[3,1,2,9]": 1.0,
    "y[11,3,2,9]": 1.0,
    "y[0,11,2,9]": 1.0,
    "y[22,51,2,10]": 1.0,
    "y[0,22,2,10]": 1.0,
    "y[13,51,2,11]": 1.0,
    "y[0,13,2,11]": 1.0,
    "y[27,34,2,12]": 1.0,
    "y[34,42,2,12]": 1.0,
    "y[42,51,2,12]": 1.0,
    "y[0,27,2,12]": 1.0,
    "y[5,51,2,13]": 1.0,
    "y[0,5,2,13]": 1.0,
    "y[2,21,2,14]": 1.0,
    "y[21,51,2,14]": 1.0,
    "y[0,2,2,14]": 1.0
  },
  "T1": {},
  "T": {
    "T[2,0]": 21.468165802744558,
    "T[2,1]": 19.884023920036046,
    "T[2,2]": 8.644858745063317,
    "T[2,3]": 3.1798014941328807,
    "T[2,4]": 20.104969730379985,
    "T[2,5]": 4.284556001046745,
    "T[2,6]": 4.746708174112003,
    "T[2,7]": 10.75039439179801,
    "T[2,8]": 13.968497768028158,
    "T[2,9]": 27.88976542277891,
    "T[2,10]": 6.506169354987146,
    "T[2,11]": 11.722012818380481,
    "T[2,12]": 20.230792687389815,
    "T[2,13]": 12.707854305367432,
    "T[2,14]": 13.293756128837057
  },
  "A": {
    "A[1]": 195.79760434105057,
    "A[2]": 2.3990468955632442
  },
  "B": {
    "B[2]": 199.38232674508254
  },
  "L_w": 120,
  "L_d": 30,
  "staff_velocity": 0.58,
  "drone_velocity": 0.83,
  "M_t": 1400,
  "M_d": 5,
  "num_staff": 3,
  "num_drone": 3,
  "use_ejection": true,
  "use_inter": true,
  "use_intra": true,
  "solver": "CPLEX",
  "solver_log": false,
  "num_worker": -1,
  "time_limit": 18000,
  "model_params": {},
  "Optimal": 199.38232674508254,
  "Solve_Time": 18015.52683544159,
  "num_constraint": 609815,
  "Number of variables": 608227,
  "status": "FEASIBLE"
}