{
  "x": {
    "x[1,6,0,0]": 1.0,
    "x[2,1,0,0]": 1.0,
    "x[5,8,0,0]": 1.0,
    "x[6,5,0,0]": 1.0,
    "x[8,11,0,0]": 1.0,
    "x[0,2,0,0]": 1.0
  },
  "y": {
    "y[3,11,0,0]": 1.0,
    "y[4,3,0,0]": 1.0,
    "y[7,9,0,0]": 1.0,
    "y[9,4,0,0]": 1.0,
    "y[10,7,0,0]": 1.0,
    "y[0,10,0,0]": 1.0
  },
  "T1": {},
  "T": {
    "T[0,0]": 14.7975780397094
  },
  "A": {
    "A[0]": 14.8591157743608
  },
  "B": {
    "B[0]": 14.7975780397094
  },
  "L_w": 120,
  "L_d": 30,
  "staff_velocity": 0.58,
  "drone_velocity": 0.83,
  "M_t": 1400,
  "M_d": 5,
  "num_staff": 1,
  "num_drone": 1,
  "use_ejection": true,
  "use_inter": true,
  "use_intra": true,
  "solver": "CPLEX",
  "solver_log": false,
  "num_worker": -1,
  "time_limit": 36000,
  "model_params": {},
  "Optimal": 14.8591157743608,
  "Solve_Time": 2.574695587158203,
  "num_constraint": 2577,
  "Number of variables": 2191,
  "status": "OPTIMAL"
}